0,0
0,0
0,0
0,0
0,0
0,0
0,0
0,0
0,0
0,0
0,0
0,0
0,0
0,0
0,0
0,0
0,0
0,0
0,0
0,0
0,0
0,0
0,0
0,0
0,0
0,0
0,0
0,0
0,0
0,0
0,0
0,0
0,0
0,0
0,0
0,0
0,0
0,0
0,0
0,0
0,0
0,0
0,0
0,0
0,0
0,0
0,0
0,0
0,0
0,0
0,0
0,0
0,0
0,0
0,0
0,0
0,0
0,0
0,0
0,0
0,0
0,0
0,0
0,0
0,0
0,0
0,0
0,0
0,0
0,0
0,0
0,0
0,0
0,0
0,0
0,0
0,0
0,0
0,0
0,0
0,0
0,0
0,0
0,0
0,0
0,0
0,0
0,0
0,0
0,0
0,0
0,0
0,0
0,0
0,0
0,0
0,0
0,0
0,0
0,0
0,0
0,0
0,0
0,0
0,0
0,0
0,0
0,0
0,0
0,0
0,0
0,0
0,0
0,0
0,0
0,0
0,0
0,0
0,0
0,0
0,0
0,0
0,0
-5426,-282
-5519,-278
-5542,-238
-5552,-210
-5170,-8
-5175,-156
-5244,-243
-5304,-370
-5277,-491
-5334,-535
-5396,-613
-5424,-566
-5447,-546
-5460,-496
-5504,-388
-5498,-297
-5547,-204
-5574,-167
-5560,-140
-5506,-188
-5312,-288
-5259,-356
-5260,-332
-5286,-308
-5236,-258
-5242,-243
-5202,-198
-5134,-180
-5139,116
-5150,70
-5098,16
-5098,16
-5098,16
-5098,16
-5098,16
-5098,16
-5098,16
-5098,16
-5098,16
-5098,16
-5259,92
-5298,69
-5272,90
-5248,3
-5400,-44
-5486,-42
-5544,-124
-5574,-157
-5533,-192
-5491,-275
-5406,-398
-5397,-432
-5398,-454
-5358,-541
-5337,-546
-5404,-504
-5350,-455
-5392,-421
-5332,-399
-5324,-360
-5364,-383
-5470,-372
-5474,-410
-5453,-456
-5418,-388
-5448,-330
-5426,-245
-5404,-142
-5302,-799
-5288,-821
-5268,-781
-5268,-781
-5268,-781
-5268,-781
-5268,-781
-5268,-781
-5268,-781
-5268,-781
-5268,-781
-5268,-781
-5268,-781
-5256,-140
-5271,-264
-5230,-328
-5575,-348
-5558,-497
-5548,-477
-5546,-469
-5562,-430
-5619,-456
-5637,-358
-5613,-252
-5608,-119
-5571,-167
-5590,-175
-5583,-176
-5539,-256
-5472,-378
-5330,-462
-5259,-434
-5254,-336
-5290,-286
-5302,-295
-5368,-198
-5392,-141
-5402,-117
-5352,-131
-5360,-103
-5304,-40
-5125,-53
-5158,0
-5158,0
-5158,0
-5158,0
-5158,0
-5158,0
-5158,0
-5158,0
-5158,0
-5158,0
-5158,0
-5158,0
-5231,-64
-5243,-64
-5238,-148
-5304,-224
-5258,-66
-5298,-160
-5283,-211
-5264,-309
-5220,-389
-5235,-422
-5300,-421
-5344,-411
-5334,-394
-5385,-328
-5349,-296
-5355,-208
-5378,-74
-5443,-69
-5389,-37
-5369,-70
-5318,-106
-5334,-184
-5342,-208
-5364,-230
-5293,-340
-5336,-478
-5360,-568
-5415,-542
-5519,-238
-5552,-376
-5576,-389
-5576,-389
-5576,-389
-5576,-389
-5576,-389
-5576,-389
-5576,-389
-5576,-389
-5576,-389
-5576,-389
-5424,-516
-5595,-536
-5667,-545
-5732,-626
-5237,164
-5150,142
-5064,178
-4994,138
-4618,461
-4682,320
-4699,203
-4734,110
-5023,-268
-5084,-224
-5079,-247
-5114,-236
-5305,-380
-5384,-376
-5445,-320
-5471,-290
-5276,-84
-5243,-2
-5251,22
-5264,77
-5378,-32
-5338,-91
-5388,-171
-5418,-226
-5250,-544
-5350,-586
-5387,-544
-5387,-544
-5387,-544
-5387,-544
-5387,-544
-5387,-544
-5387,-544
-5387,-544
-5387,-544
-5387,-544
-5444,-631
-5385,-606
-5388,-496
-5386,-373
-4996,404
-4996,411
-4959,420
-5000,308
-5036,219
-5098,24
-5112,-134
-5135,-297
-5176,-422
-5264,-554
-5343,-613
-5462,-620
-5582,-659
-5680,-679
-5714,-592
-5760,-528
-5702,-396
-5632,-284
-5595,-189
-5612,-140
-5540,-39
-5524,-40
-5360,-92
-5236,-180
-5396,-235
-5444,-303
-5440,-338
-5440,-338
-5440,-338
-5440,-338
-5440,-338
-5440,-338
-5440,-338
-5440,-338
-5440,-338
-5440,-338
-5440,-338
-5440,-338
-5312,-70
-5288,-112
-5256,-132
-5328,-173
-5045,-352
-5106,-314
-5163,-221
-5212,-134
-5223,-70
-5218,-40
-5091,84
-5002,209
-4898,265
-4856,332
-4762,304
-4731,359
-4742,409
-4806,452
-4927,469
-4983,481
-5049,427
-5162,293
-5184,186
-5236,22
-5196,-120
-5141,-231
-5091,-281
-5021,-320
-5114,448
-5116,436
-5095,397
-5095,397
-5095,397
-5095,397
-5095,397
-5095,397
-5095,397
-5095,397
-5095,397
-5095,397
-5095,397
-5095,397
-5004,315
-4919,382
-4854,456
-4916,599
-4670,350
-4841,304
-4958,264
-5102,256
-5182,205
-5234,132
-5314,98
-5374,17
-5410,-64
-5504,-139
-5503,-173
-5431,-200
-5264,-165
-5096,-193
-4958,-206
-4885,-120
-4838,-30
-4816,5
-4768,61
-4694,128
-4682,101
-4692,88
-4688,117
-4659,155
-4806,528
-4938,589
-4954,594
-4954,594
-4954,594
-4954,594
-4954,594
-4954,594
-4954,594
-4954,594
-4954,594
-4954,594
-4954,594
-4954,594
-5496,321
-5430,502
-5496,399
-5540,300
-4982,302
-5128,198
-5124,146
-5168,56
-5104,-2
-5091,-184
-5042,-250
-5016,-283
-4968,-214
-4976,-208
-5044,-122
-5038,-70
-5052,-21
-5048,-38
-5049,-88
-5052,-168
-5058,-228
-5098,-280
-5090,-332
-5173,-278
-5254,-233
-5353,-176
-5391,-54
-5478,135
-5016,172
-5017,83
-5000,72
-5000,72
-5000,72
-5000,72
-5000,72
-5000,72
-5000,72
-5000,72
-5000,72
-5000,72
-5000,72
-5000,72
-4947,25
-5020,56
-5099,22
-5150,-13
-5372,-82
-5486,-80
-5518,-120
-5498,-188
-5452,-162
-5400,-146
-5303,-116
-5238,-48
-5198,45
-5098,28
-4976,53
-4849,14
-4814,69
-4786,101
-4778,113
-4781,115
-4726,140
-4711,172
-4678,218
-4669,280
-4727,381
-4805,390
-4878,398
-5099,435
-5298,200
-5278,156
-5274,148
-5274,148
-5274,148
-5274,148
-5274,148
-5274,148
-5274,148
-5274,148
-5274,148
-5274,148
-5230,-18
-5286,-38
-5328,-43
-5290,-59
-5010,-230
-4984,-308
-5016,-293
-5029,-253
-5064,-183
-5086,-151
-5180,-57
-5158,-14
-5188,20
-5204,22
-5132,18
-5071,-29
-5042,-16
-4982,30
-4957,37
-4904,109
-4869,188
-4891,204
-4928,265
-4926,295
-4894,262
-4852,168
-4879,177
-4897,144
-5060,96
-5024,29
-5035,62
-5035,62
-5035,62
-5035,62
-5035,62
-5035,62
-5035,62
-5035,62
-5035,62
-5035,62
-4996,-247
-5061,-293
-5101,-239
-5133,-207
-5083,73
-5022,140
-4932,151
-4919,260
-4924,317
-4904,262
-4890,218
-4858,115
-4799,10
-4860,-15
-4818,-58
-4896,-115
-4952,-130
-5014,-208
-5080,-243
-5222,-175
-5235,-157
-5256,-26
-5288,79
-5316,160
-5216,200
-5179,240
-5108,312
-5054,387
-5315,-249
-5348,-185
-5328,-101
-5328,-101
-5328,-101
-5328,-101
-5328,-101
-5328,-101
-5328,-101
-5328,-101
-5328,-101
-5328,-101
-5349,32
-5394,136
-5311,142
-5235,182
-4757,11
-4776,-56
-4811,-118
-4888,-122
-4845,-188
-4955,-190
-5047,-159
-5110,-174
-5168,-180
-5316,-139
-5336,-70
-5303,22
-5327,158
-5317,154
-5285,137
-5268,134
-5160,102
-5126,74
-5143,50
-5144,54
-5026,12
-4968,-27
-4935,-96
-4937,-139
-5226,-254
-5122,-304
-5048,-318
-5048,-318
-5048,-318
-5048,-318
-5048,-318
-5048,-318
-5048,-318
-5048,-318
-5048,-318
-5048,-318
-5162,72
-5232,78
-5230,64
-5240,68
-5092,29
-5052,-122
-5052,-179
-5027,-254
-5036,-256
-5066,-332
-5095,-362
-5125,-357
-5057,-362
-5104,-301
-5032,-223
-5055,-104
-5024,72
-4996,242
-5014,442
-5000,624
-4984,756
-4958,777
-4921,756
-4888,676
-4890,562
-4872,377
-4854,253
-4841,65
-5048,378
-5140,166
-5180,88
-5180,88
-5180,88
-5180,88
-5180,88
-5180,88
-5180,88
-5180,88
-5180,88
-5180,88
-5180,88
-5180,88
-5020,566
-5074,534
-5109,460
-5136,442
-5335,-40
-5424,-165
-5487,-244
-5472,-296
-5434,-325
-5456,-367
-5404,-295
-5306,-224
-5231,-138
-5168,-77
-5094,-34
-5018,98
-4947,161
-4899,262
-4894,334
-4856,298
-4816,240
-4776,104
-4794,13
-4814,-10
-4866,21
-4950,30
-5150,74
-5298,102
-5152,157
-5174,286
-5164,354
-5164,354
-5164,354
-5164,354
-5164,354
-5164,354
-5164,354
-5164,354
-5164,354
-5164,354
-5224,213
-5148,380
-4798,725
-5021,488
-5016,-325
-5295,-616
-5154,-428
-5198,-394
-5094,-227
-5104,-135
-5070,-12
-5059,230
-5089,268
-4978,415
-4828,619
-4787,697
-4791,715
-4810,631
-4847,625
-4910,585
-5024,359
-4990,200
-5095,-80
-5095,-319
-5108,-444
-5176,-580
-5231,-618
-5268,-662
-4750,-179
-4811,-154
-4892,-80
-4892,-80
-4892,-80
-4892,-80
-4892,-80
-4892,-80
-4892,-80
-4892,-80
-4892,-80
-4892,-80
-4927,216
-5021,236
-5051,181
-5058,94
-5068,180
-5103,196
-5076,219
-5030,229
-5000,211
-4972,122
-4912,12
-4820,-126
-4751,-134
-4772,-160
-4815,-113
-4792,-8
-4843,162
-4922,263
-4948,334
-5032,292
-5166,220
-5280,160
-5327,146
-5375,36
-5442,2
-5417,-23
-5386,-32
-5253,-128
-5008,50
-4948,7
-4912,8
-4912,8
-4912,8
-4912,8
-4912,8
-4912,8
-4912,8
-4912,8
-4912,8
-4912,8
-5160,-36
-5118,-97
-5072,-202
-4992,-263
-5099,316
-5038,392
-4982,398
-4968,388
-4964,398
-4992,322
-5006,251
-5028,248
-4997,148
-5024,106
-5028,69
-5016,24
-5008,36
-5013,20
-4996,-49
-5023,-88
-5061,-50
-5072,-96
-5034,-138
-5014,-112
-5024,-47
-5059,-18
-5054,-40
-5043,-11
-5006,240
-4918,274
-4878,288
-4878,288
-4878,288
-4878,288
-4878,288
-4878,288
-4878,288
-4878,288
-4878,288
-4878,288
-5209,324
-5229,349
-5236,410
-5246,386
-5055,-301
-5014,-301
-4926,-251
-4848,-158
-4777,-88
-4796,-85
-4895,42
-4952,112
-4975,204
-5088,292
-5096,372
-5124,442
-5136,506
-5146,538
-5136,521
-5044,459
-4980,333
-4986,205
-4964,137
-4959,-23
-4948,-136
-4953,-308
-4989,-422
-5032,-450
-5416,-271
-5378,-307
-5334,-257
-5334,-257
-5334,-257
-5334,-257
-5334,-257
-5334,-257
-5334,-257
-5334,-257
-5334,-257
-5334,-257
-5712,-232
-5684,-235
-5527,-221
-5396,-180
-5586,-144
-5533,-196
-5399,-277
-5304,-475
-5236,-474
-5179,-492
-5212,-479
-5238,-404
-5228,-298
-5310,-150
-5365,-59
-5380,97
-5372,137
-5395,96
-5420,35
-5419,17
-5364,-26
-5352,-48
-5290,-144
-5268,-212
-5251,-336
-5296,-549
-5304,-742
-5376,-882
-5068,-410
-5157,-372
-5202,-334
-5202,-334
-5202,-334
-5202,-334
-5202,-334
-5202,-334
-5202,-334
-5202,-334
-5202,-334
-5202,-334
-5376,-496
-5312,-437
-5308,-353
-5308,-269
-5703,-140
-5648,-206
-5576,-217
-5481,-171
-5414,-138
-5330,-178
-5263,-165
-5212,-248
-5180,-298
-5276,-376
-5400,-434
-5446,-452
-5468,-460
-5454,-515
-5363,-432
-5265,-394
-5170,-320
-5220,-207
-5259,-146
-5327,-133
-5431,-84
-5549,-51
-5654,-10
-5730,65
-5372,-136
-5288,-160
-5280,-107
-5280,-107
-5280,-107
-5280,-107
-5280,-107
-5280,-107
-5280,-107
-5280,-107
-5280,-107
-5280,-107
-5746,-342
-5733,-242
-5691,-68
-5576,90
-5532,-732
-5616,-658
-5585,-561
-5571,-452
-5469,-398
-5330,-313
-5216,-185
-5174,-66
-5158,84
-5186,145
-5224,200
-5256,213
-5207,148
-5287,81
-5295,14
-5316,-16
-5340,-26
-5420,-136
-5451,-248
-5483,-373
-5446,-463
-5544,-548
-5548,-578
-5587,-600
-5320,-194
-5332,-82
-5336,-52
-5336,-52
-5336,-52
-5336,-52
-5336,-52
-5336,-52
-5336,-52
-5336,-52
-5336,-52
-5336,-52
-5388,-111
-5432,-105
-5392,-107
-5334,-152
-5542,-603
-5579,-647
-5578,-666
-5574,-557
-5547,-469
-5603,-388
-5576,-336
-5592,-269
-5576,-228
-5514,-190
-5439,-222
-5285,-269
-5218,-262
-5227,-290
-5299,-276
-5264,-254
-5236,-179
-5270,-124
-5202,-124
-5160,-156
-5170,-144
-5276,-115
-5350,-136
-5437,-159
-5430,-364
-5478,-392
-5499,-378
-5499,-378
-5499,-378
-5499,-378
-5499,-378
-5499,-378
-5499,-378
-5499,-378
-5499,-378
-5499,-378
-5213,-564
-5222,-630
-5251,-655
-5328,-597
-5475,-194
-5579,-178
-5588,-155
-5576,-132
-5516,-80
-5432,-151
-5446,-178
-5374,-314
-5264,-453
-5244,-479
-5282,-422
-5256,-404
-5276,-348
-5320,-274
-5360,-188
-5378,-131
-5306,-94
-5314,-80
-5366,0
-5392,48
-5428,97
-5549,107
-5588,24
-5522,-124
-5304,-156
-5358,-283
-5334,-334
-5334,-334
-5334,-334
-5334,-334
-5334,-334
-5334,-334
-5334,-334
-5334,-334
-5334,-334
-5334,-334
-5190,-306
-5160,-370
-5200,-431
-5302,-387
-5552,-35
-5624,48
-5554,-16
-5391,-128
-5287,-215
-5320,-240
-5336,-174
-5360,-111
-5320,-87
-5366,-152
-5288,-293
-5162,-436
-5118,-564
-5139,-646
-5249,-632
-5387,-510
-5515,-339
-5572,-238
-5504,-196
-5485,-186
-5438,-220
-5444,-294
-5508,-368
-5514,-334
-5596,-269
-5598,-582
-5631,-716
-5631,-716
-5631,-716
-5631,-716
-5631,-716
-5631,-716
-5631,-716
-5631,-716
-5631,-716
-5631,-716
-5235,14
-5444,-113
-5616,-168
-5696,-179
-5147,-42
-4952,-80
-4812,19
-4728,98
-4706,115
-4847,124
-4983,126
-5051,24
-5107,-104
-5107,-244
-5123,-324
-5242,-384
-5388,-367
-5576,-388
-5768,-343
-5874,-342
-5898,-396
-5854,-416
-5788,-330
-5735,-292
-5614,-258
-5527,-232
-5446,-171
-5322,-177
-5268,-238
-5272,-303
-5271,-326
-5271,-326
-5271,-326
-5271,-326
-5271,-326
-5271,-326
-5271,-326
-5271,-326
-5271,-326
-5271,-326
-5304,-472
-5323,-365
-5296,-291
-5235,-214
-5416,-667
-5318,-568
-5344,-416
-5384,-228
-5256,64
-5482,36
-5668,38
-5660,136
-5570,208
-5531,154
-5487,74
-5435,-20
-5062,102
-5096,-108
-4986,-119
-4994,-110
-5049,-163
-4855,28
-5024,-126
-5021,-118
-5096,-228
-5459,-598
-5276,-414
-5416,-439
-5333,-323
-5328,-217
-5298,-176
-5298,-176
-5298,-176
-5298,-176
-5298,-176
-5298,-176
-5298,-176
-5298,-176
-5298,-176
-5298,-176
-5418,-615
-5452,-642
-5477,-664
-5488,-628
-5300,-133
-5282,-141
-5251,-84
-5286,-32
-5288,-59
-5312,-98
-5272,-202
-5250,-308
-5363,-318
-5465,-416
-5507,-483
-5479,-586
-5488,-668
-5506,-697
-5494,-684
-5524,-615
-5476,-492
-5524,-411
-5504,-271
-5444,-127
-5336,5
-5266,144
-5162,232
-5097,344
-5548,-74
-5526,-30
-5493,-40
-5493,-40
-5493,-40
-5493,-40
-5493,-40
-5493,-40
-5493,-40
-5493,-40
-5493,-40
-5493,-40
-5795,-355
-5858,-408
-5813,-494
-5690,-487
-5238,-463
-5317,-596
-5442,-664
-5570,-668
-5633,-668
-5693,-643
-5710,-560
-5734,-443
-5670,-414
-5650,-385
-5637,-242
-5568,-184
-5487,-110
-5446,-64
-5347,-15
-5232,40
-5224,27
-5168,30
-5128,20
-5090,21
-5030,-8
-5051,-8
-5060,-23
-5142,-30
-5230,-208
-5243,-208
-5258,-205
-5258,-205
-5258,-205
-5258,-205
-5258,-205
-5258,-205
-5258,-205
-5258,-205
-5258,-205
-5258,-205
-5312,-175
-5334,-164
-5300,-271
-5274,-350
-5694,-364
-5738,-410
-5730,-411
-5635,-412
-5556,-326
-5550,-245
-5514,-171
-5500,-134
-5409,-70
-5338,-54
-5300,-48
-5249,-29
-5088,-78
-5026,-215
-5010,-217
-5044,-192
-5026,-252
-5072,-332
-5078,-338
-5110,-331
-5202,-280
-5329,-326
-5450,-285
-5549,-256
-5424,-704
-5426,-611
-5562,-702
-5562,-702
-5562,-702
-5562,-702
-5562,-702
-5562,-702
-5562,-702
-5562,-702
-5562,-702
-5562,-702
-5184,25
-5228,-247
-5293,-351
-5378,-526
-5508,-72
-5504,-68
-5424,-142
-5351,-187
-5243,-158
-5212,-212
-5220,-273
-5156,-226
-5166,-247
-5244,-240
-5262,-256
-5402,-352
-5507,-380
-5608,-470
-5641,-482
-5656,-512
-5564,-510
-5485,-523
-5356,-470
-5276,-382
-5140,-288
-5079,-137
-5021,18
-5029,131
-5152,70
-5110,162
-5107,208
-5107,208
-5107,208
-5107,208
-5107,208
-5107,208
-5107,208
-5107,208
-5107,208
-5107,208
-5197,41
-5228,108
-5260,164
-5285,146
-4822,122
-4932,17
-5062,-110
-5073,-228
-5094,-247
-5088,-308
-5152,-291
-5199,-258
-5243,-180
-5310,-112
-5356,-6
-5352,126
-5352,218
-5323,208
-5269,219
-5160,208
-5008,166
-4916,132
-4837,113
-4739,120
-4695,152
-4746,114
-4840,110
-4906,186
-4658,-24
-4668,-15
-4644,1
-4644,1
-4644,1
-4644,1
-4644,1
-4644,1
-4644,1
-4644,1
-4644,1
-4644,1
-5080,214
-5116,236
-5100,198
-5124,165
-5019,-15
-4978,-56
-4893,-39
-4880,-24
-4830,-10
-4816,-8
-4776,68
-4747,93
-4720,199
-4793,236
-4820,288
-4882,309
-4910,280
-4958,203
-5008,72
-5024,-22
-5004,-62
-5083,-139
-5127,-140
-5117,-196
-5127,-208
-5182,-226
-5122,-210
-5100,-251
-5034,150
-5036,256
-5007,264
-5007,264
-5007,264
-5007,264
-5007,264
-5007,264
-5007,264
-5007,264
-5007,264
-5007,264
-5007,264
-5007,264
-4909,124
-4880,148
-4928,175
-5046,202
-4960,90
-4938,-85
-4924,-208
-4944,-286
-4955,-252
-5013,-296
-5022,-336
-5040,-250
-5024,-127
-5046,27
-5086,173
-5064,240
-5032,338
-4956,404
-4948,416
-4920,461
-4968,512
-4992,523
-5042,434
-5027,288
-5028,58
-4996,-180
-4992,-368
-4992,-460
-4851,-146
-4869,-226
-4900,-248
-4900,-248
-4900,-248
-4900,-248
-4900,-248
-4900,-248
-4900,-248
-4900,-248
-4900,-248
-4900,-248
-4984,-46
-4998,-140
-5007,-181
-5028,-228
-5107,560
-5070,451
-5052,338
-5046,201
-5088,100
-5101,-68
-5088,-159
-5158,-227
-5176,-288
-5198,-338
-5170,-362
-5096,-376
-5074,-342
-5079,-246
-5100,-76
-5164,34
-5105,304
-5071,388
-5010,512
-4958,568
-4892,544
-4837,466
-4853,417
-4912,391
-5184,-4
-5254,45
-5252,73
-5252,73
-5252,73
-5252,73
-5252,73
-5252,73
-5252,73
-5252,73
-5252,73
-5252,73
-5110,-132
-5188,-184
-5238,-210
-5294,-232
-5010,32
-5030,4
-5024,-19
-5046,40
-5111,48
-5146,59
-5166,40
-5163,46
-5168,51
-5166,14
-5050,-13
-5014,11
-4967,112
-4920,177
-4894,217
-4886,222
-4888,233
-4927,231
-4929,248
-4923,230
-4946,212
-5012,57
-5028,-20
-5018,-66
-5080,304
-5192,279
-5228,280
-5228,280
-5228,280
-5228,280
-5228,280
-5228,280
-5228,280
-5228,280
-5228,280
-5228,280
-4923,-175
-4980,-167
-4981,-84
-5051,58
-5365,-43
-5351,-112
-5322,-160
-5212,-232
-5128,-284
-5084,-282
-5022,-270
-4961,-196
-4886,-23
-4814,42
-4792,108
-4856,182
-4848,251
-4880,244
-4914,253
-4872,275
-4859,314
-4936,304
-4976,312
-4966,308
-5042,268
-5070,158
-5077,60
-5040,-79
-4910,192
-4844,88
-4815,69
-4815,69
-4815,69
-4815,69
-4815,69
-4815,69
-4815,69
-4815,69
-4815,69
-4815,69
-5015,84
-4960,158
-4942,192
-4914,203
-5121,-152
-5114,-4
-5080,138
-5067,280
-5050,358
-5094,410
-5071,457
-5043,481
-5024,464
-4986,382
-4920,220
-4898,177
-4919,108
-4950,50
-4912,-56
-4950,-63
-4923,-89
-5029,-82
-5094,-99
-5075,-148
-5141,-133
-5198,-180
-5200,-180
-5134,-179
-5016,-16
-5072,-87
-5063,-127
-5063,-127
-5063,-127
-5063,-127
-5063,-127
-5063,-127
-5063,-127
-5063,-127
-5063,-127
-5063,-127
-5129,-32
-5168,-14
-5170,-46
-5106,-84
-4870,213
-49200,0
0,0
0,0
0,0
0,0
0,0
0,0
0,0
0,0
0,0
0,0
0,0
0,0
0,0
0,0
0,0
0,0
0,0
0,0
0,0
0,0
0,0
0,0
0,0
0,0
0,0
0,0
0,0
0,0
0,0
0,0
0,0
0,0
0,0
0,0
0,0
0,0
0,0
0,0
0,0
0,0
0,0
0,0
0,0
0,0
0,0
0,0
0,0
0,0
0,0
0,0
0,0
0,0
0,0
0,0
0,0
0,0
0,0
0,0
0,0
0,0
0,0
0,0
0,0
0,0
0,0
0,0
0,0
0,0
0,0
0,0
0,0
0,0
0,0
0,0
0,0
0,0
0,0
0,0
0,0
0,0
0,0
0,0
0,0
0,0
0,0
0,0
0,0
0,0
0,0
0,0
0,0
0,0
0,0
0,0
0,0
0,0
0,0
0,0
0,0
0,0
0,0
0,0
0,0
0,0
0,0
0,0
0,0
-5000,224
-5017,148
-5140,32
-5136,-48
-4908,178
-4944,148
-4976,105
-5038,92
-5048,114
-5072,51
-5100,42
-5043,29
-5084,74
-5093,100
-5120,34
-5167,-19
-5222,-52
-5230,-90
-5242,-158
-5204,-212
-5176,-201
-5120,-254
-5076,-288
-5021,-308
-5003,-290
-5005,-268
-5030,-164
-5028,-38
-4938,102
-4720,241
-4754,244
-4754,244
-4754,244
-4754,244
-4754,244
-4754,244
-4754,244
-4754,244
-4754,244
-4754,244
-4754,244
-4754,244
-5381,-440
-5382,-58
-5313,-72
-5282,-120
-5164,-466
-5202,-587
-5204,-660
-5228,-680
-5188,-712
-5184,-626
-5126,-464
-5117,-254
-5155,10
-5233,184
-5296,290
-5364,412
-5328,524
-5304,484
-5254,493
-5209,570
-5172,596
-5054,552
-4996,506
-4937,420
-4784,344
-4837,344
-4755,300
-4792,253
-4883,298
-4884,212
-4810,264
-4810,264
-4810,264
-4810,264
-4810,264
-4810,264
-4810,264
-4810,264
-4810,264
-4810,264
-5069,-254
-5114,-272
-5048,-287
-5052,-299
-5072,14
-5095,-46
-5132,-160
-5140,-298
-5117,-351
-5120,-441
-5127,-476
-5123,-474
-5086,-477
-5059,-440
-5077,-416
-5104,-400
-5108,-336
-5109,-308
-5108,-244
-5065,-116
-5040,6
-5088,7
-5124,73
-5168,133
-5152,181
-5113,220
-5076,240
-5033,256
-4962,328
-5112,-54
-5092,106
-5092,106
-5092,106
-5092,106
-5092,106
-5092,106
-5092,106
-5092,106
-5092,106
-5092,106
-5092,106
-5092,106
-4900,96
-4964,55
-4978,19
-5010,-49
-5090,-347
-5110,-282
-5132,-195
-5138,-102
-5106,13
-5103,104
-5102,196
-5008,269
-4956,324
-4981,426
-4967,512
-4896,595
-4818,708
-4883,770
-4872,784
-4866,778
-4831,672
-4834,513
-4836,293
-4826,228
-4802,122
-4876,36
-4864,-11
-4868,2
-4860,38
-4842,165
-4824,218
-4824,218
-4824,218
-4824,218
-4824,218
-4824,218
-4824,218
-4824,218
-4824,218
-4824,218
-5149,-187
-5242,-174
-5282,-200
-5246,-230
-5052,54
-5125,48
-5192,14
-5224,-5
-5247,4
-5320,-69
-5327,-151
-5270,-220
-5268,-283
-5228,-334
-5142,-316
-5053,-162
-4999,-75
-4966,40
-5011,76
-5040,156
-5059,244
-5070,247
-5084,237
-5048,223
-5000,269
-4976,238
-4950,219
-4940,187
-4892,193
-5192,-196
-5128,-214
-5128,-214
-5128,-214
-5128,-214
-5128,-214
-5128,-214
-5128,-214
-5128,-214
-5128,-214
-5128,-214
-5346,-134
-5305,-120
-5272,-132
-5194,-147
-4838,192
-4911,144
-4975,76
-5119,-38
-5140,-114
-5264,-179
-5226,-268
-5275,-324
-5272,-392
-5283,-485
-5286,-442
-5292,-403
-5193,-390
-5166,-264
-5088,-156
-5032,11
-5031,130
-5118,152
-5147,152
-5169,161
-5112,129
-5066,113
-4982,51
-4952,19
-4843,-10
-4816,41
-4820,42
-4820,42
-4820,42
-4820,42
-4820,42
-4820,42
-4820,42
-4820,42
-4820,42
-4820,42
-4958,-210
-4936,-245
-4924,-210
-4951,-99
-5036,297
-5066,282
-5087,226
-5103,207
-5133,189
-5207,194
-5256,132
-5228,32
-5192,-110
-5126,-288
-5085,-452
-5032,-515
-4952,-488
-4942,-421
-5012,-328
-5116,-234
-5150,-96
-5226,55
-5150,92
-5188,176
-5224,148
-5230,147
-5248,96
-5266,58
-5522,72
-5508,-304
-5490,-438
-5490,-438
-5490,-438
-5490,-438
-5490,-438
-5490,-438
-5490,-438
-5490,-438
-5490,-438
-5490,-438
-5263,44
-5280,13
-5281,0
-5270,34
-5190,145
-5171,188
-5166,150
-5158,154
-5160,211
-5261,216
-5226,98
-5377,-32
-5400,-114
-5443,-171
-5462,-252
-5472,-342
-5511,-454
-5450,-536
-5394,-666
-5428,-693
-5416,-667
-5513,-649
-5604,-606
-5674,-556
-5712,-530
-5684,-528
-5724,-553
-5728,-504
-5506,-518
-5488,-284
-5504,-390
-5504,-390
-5504,-390
-5504,-390
-5504,-390
-5504,-390
-5504,-390
-5504,-390
-5504,-390
-5504,-390
-5264,-556
-5334,-504
-5366,-471
-5436,-368
-5271,-682
-5384,-677
-5478,-622
-5575,-575
-5578,-504
-5646,-469
-5643,-384
-5696,-238
-5747,-136
-5783,-128
-5771,-120
-5676,-134
-5702,-156
-5574,-174
-5529,-124
-5461,-72
-5316,-14
-5227,70
-5092,68
-4950,65
-4864,102
-4922,172
-4977,174
-4973,113
-5263,232
-5432,310
-5532,349
-5532,349
-5532,349
-5532,349
-5532,349
-5532,349
-5532,349
-5532,349
-5532,349
-5532,349
-5323,-560
-5320,-493
-5287,-451
-5751,-181
-5808,-182
-5794,-246
-5663,-341
-5430,-412
-5324,-523
-5210,-570
-5151,-570
-5179,-494
-5339,-392
-5428,-232
-5486,-74
-5502,16
-5475,20
-5392,-51
-5284,-100
-5167,-204
-5128,-238
-5056,-315
-5042,-340
-5060,-256
-5147,-108
-5258,-119
-5392,-77
-5495,-68
-5452,96
-5544,149
-5544,149
-5544,149
-5544,149
-5544,149
-5544,149
-5544,149
-5544,149
-5544,149
-5544,149
-5544,149
-5276,-94
-5303,-160
-5320,-199
-5369,-293
-5197,-330
-5230,-236
-5296,-210
-5330,-124
-5332,-116
-5350,-156
-5383,-126
-5384,-87
-5370,-80
-5468,-44
-5480,-55
-5454,-102
-5398,-184
-5366,-317
-5376,-384
-5380,-432
-5394,-388
-5418,-396
-5407,-349
-5454,-298
-5386,-223
-5307,-259
-5278,-268
-5266,-216
-5220,-218
-5232,61
-5221,48
-5221,48
-5221,48
-5221,48
-5221,48
-5221,48
-5221,48
-5221,48
-5221,48
-5221,48
-5483,-578
-5446,-550
-5460,-480
-5510,-312
-5530,-381
-5571,-358
-5536,-360
-5440,-397
-5436,-368
-5460,-384
-5433,-387
-5464,-384
-5522,-292
-5516,-284
-5468,-245
-5415,-203
-5412,-181
-5384,-214
-5291,-219
-5308,-179
-5282,-208
-5255,-246
-5224,-185
-5196,-178
-5288,-93
-5338,-68
-5378,-40
-5380,-38
-5446,-149
-5462,-223
-5492,-206
-5492,-206
-5492,-206
-5492,-206
-5492,-206
-5492,-206
-5492,-206
-5492,-206
-5492,-206
-5492,-206
-5603,-308
-5650,-311
-5654,-330
-5128,-222
-5208,-279
-5364,-304
-5426,-298
-5375,-292
-5510,-282
-5496,-368
-5482,-403
-5448,-432
-5436,-472
-5446,-432
-5444,-384
-5464,-286
-5516,-242
-5600,-87
-5613,-70
-5442,-134
-5443,-196
-5376,-248
-5333,-317
-5216,-396
-5184,-400
-5164,-323
-5192,-287
-5199,-206
-5326,-85
-5344,-96
-5344,-96
-5344,-96
-5344,-96
-5344,-96
-5344,-96
-5344,-96
-5344,-96
-5344,-96
-5344,-96
-5344,-96
-5424,-431
-5461,-409
-5480,-348
-5520,-296
-5471,-462
-5457,-444
-5472,-423
-5394,-349
-5367,-268
-5319,-160
-5320,-95
-5222,63
-5143,242
-5176,283
-5094,260
-5102,269
-5129,245
-5146,168
-5272,89
-5404,31
-5398,-51
-5411,-133
-5419,-116
-5370,-197
-5318,-316
-5344,-382
-5350,-504
-5360,-547
-5346,-622
-5356,-303
-5316,-286
-5316,-286
-5316,-286
-5316,-286
-5316,-286
-5316,-286
-5316,-286
-5316,-286
-5316,-286
-5316,-286
-5511,-199
-5574,-295
-5666,-322
-5242,-394
-5230,-397
-5205,-432
-5242,-427
-5270,-432
-5428,-444
-5486,-590
-5555,-598
-5592,-623
-5574,-580
-5581,-532
-5604,-428
-5608,-315
-5586,-203
-5546,-167
-5474,-133
-5355,-108
-5348,-85
-5282,-93
-5292,-55
-5259,41
-5296,29
-5243,-16
-5108,-111
-5021,-96
-5508,-544
-5482,-559
-5435,-555
-5435,-555
-5435,-555
-5435,-555
-5435,-555
-5435,-555
-5435,-555
-5435,-555
-5435,-555
-5435,-555
-5435,-555
-5435,-555
-5174,-48
-5052,-222
-5004,-349
-4998,-483
-5320,-278
-5412,-214
-5436,-174
-5404,-129
-5260,-66
-5216,-34
-5226,-19
-5241,-60
-5291,-48
-5326,-69
-5318,-152
-5274,-183
-5218,-187
-5271,-139
-5336,-192
-5414,-314
-5406,-386
-5419,-512
-5454,-638
-5511,-620
-5515,-559
-5510,-472
-5498,-402
-5459,-306
-5392,-277
-5358,-230
-5481,-191
-5481,-191
-5481,-191
-5481,-191
-5481,-191
-5481,-191
-5481,-191
-5481,-191
-5481,-191
-5481,-191
-5056,160
-5096,253
-5058,328
-5412,382
-5427,-398
-5408,-365
-5341,-331
-5301,-352
-5296,-354
-5292,-367
-5308,-352
-5338,-298
-5359,-215
-5372,-95
-5344,-23
-5294,96
-5286,104
-5258,28
-5202,51
-5220,2
-5278,12
-5372,-80
-5348,-96
-5294,-129
-5300,-148
-5350,-224
-5396,-256
-5392,-296
-5478,-228
-5531,-326
-5528,-360
-5528,-360
-5528,-360
-5528,-360
-5528,-360
-5528,-360
-5528,-360
-5528,-360
-5528,-360
-5528,-360
-5428,-248
-5512,-4
-5494,236
-5388,-438
-5445,-440
-5391,-368
-5400,-266
-5264,-282
-5221,-259
-5086,-377
-5016,-380
-5082,-350
-5149,-347
-5468,-248
-5658,-211
-5552,-104
-5474,-68
-5416,88
-5370,110
-5318,124
-5356,95
-5384,110
-5476,52
-5503,64
-5504,44
-5451,-38
-5316,-194
-5215,-324
-5568,-64
-5415,-104
-5415,-124
-5415,-124
-5415,-124
-5415,-124
-5415,-124
-5415,-124
-5415,-124
-5415,-124
-5415,-124
-5415,-124
-5654,-415
-5603,-331
-5524,-404
-5237,-176
-5257,-135
-5208,-119
-5184,-94
-5146,-67
-5188,-100
-5348,-173
-5518,-184
-5574,-300
-5595,-316
-5503,-497
-5438,-541
-5168,-577
-5103,-582
-5148,-472
-5192,-368
-5288,-324
-5344,-229
-5354,-235
-5351,-246
-5262,-248
-5334,-251
-5404,-351
-5422,-371
-5376,-480
-5475,-492
-5513,-439
-5513,-419
-5513,-419
-5513,-419
-5513,-419
-5513,-419
-5513,-419
-5513,-419
-5513,-419
-5513,-419
-5513,-419
-5179,-144
-5146,6
-5070,22
-5237,236
-5182,246
-5154,305
-5104,373
-5056,500
-5150,482
-5284,381
-5403,345
-5358,273
-5280,218
-5119,39
-5015,-22
-4904,-87
-4868,-97
-4848,-159
-4895,-88
-4954,-3
-5012,-4
-4919,-70
-4916,-50
-5040,10
-5138,-4
-5189,-52
-5203,-67
-5220,-132
-5127,360
-5055,267
-5055,204
-5055,204
-5055,204
-5055,204
-5055,204
-5055,204
-5055,204
-5055,204
-5055,204
-5055,204
-5028,202
-5006,73
-5064,36
-5125,68
-5097,73
-4978,-43
-4981,-48
-5120,50
-5212,224
-5290,349
-5316,400
-5168,396
-5128,320
-4881,172
-4762,49
-4811,-16
-4904,-84
-5082,-75
-5170,-38
-5255,20
-5230,84
-5209,19
-5185,-15
-5094,-78
-5076,-140
-4956,-255
-4932,-237
-4883,-138
-4744,593
-4718,485
-4684,416
-4684,416
-4684,416
-4684,416
-4684,416
-4684,416
-4684,416
-4684,416
-4684,416
-4684,416
-4684,416
-4684,416
-5643,-383
-5577,-414
-5402,-479
-5298,-406
-4580,460
-4500,535
-4524,667
-4554,718
-4716,724
-4900,656
-4956,478
-5036,270
-5190,148
-5407,-18
-5490,-102
-5488,-226
-5429,-290
-5299,-450
-5138,-574
-4978,-674
-4936,-702
-5032,-699
-5164,-585
-5291,-413
-5357,-336
-5471,-224
-5320,-192
-5247,-214
-5314,189
-5469,138
-5469,138
-5469,138
-5469,138
-5469,138
-5469,138
-5469,138
-5469,138
-5469,138
-5469,138
-5469,138
-4878,55
-4948,86
-4982,176
-5010,212
-4976,-9
-4879,-54
-4860,-61
-4862,-48
-4910,8
-5015,75
-5055,136
-5014,176
-5051,185
-5100,105
-5123,-33
-5046,-187
-5034,-226
-5062,-256
-5028,-284
-4972,-278
-5016,-128
-5129,-3
-5108,85
-5100,107
-5198,141
-5222,124
-5270,146
-5322,251
-5064,46
-5050,-7
-5050,-44
-5050,-44
-5050,-44
-5050,-44
-5050,-44
-5050,-44
-5050,-44
-5050,-44
-5050,-44
-5050,-44
-5050,-44
-5050,-44
-5174,-27
-5188,-284
-5157,-336
-5160,-435
-5086,262
-4964,302
-4902,348
-4792,371
-4835,512
-4824,604
-4807,705
-4716,736
-4668,686
-4716,617
-4888,464
-5015,306
-5096,272
-5144,69
-5155,-106
-5053,-238
-4986,-252
-4920,-272
-4887,-312
-5075,-303
-5063,-304
-5233,-307
-5270,-368
-5304,-394
-5272,60
-5256,2
-5215,-4
-5215,-4
-5215,-4
-5215,-4
-5215,-4
-5215,-4
-5215,-4
-5215,-4
-5215,-4
-5215,-4
-5215,-4
-5215,-4
-5156,101
-5218,52
-5239,58
-5067,32
-5059,50
-5106,-22
-5160,-103
-5186,-189
-5112,-255
-5070,-298
-5052,-409
-5034,-412
-4976,-375
-5020,-326
-5080,-320
-5124,-278
-5160,-248
-5224,-206
-5205,-200
-5194,-162
-5183,-42
-5232,91
-5340,226
-5315,289
-5300,341
-5152,326
-5072,272
-4965,262
-5139,141
-5019,-27
-5019,-66
-5019,-66
-5019,-66
-5019,-66
-5019,-66
-5019,-66
-5019,-66
-5019,-66
-5019,-66
-5019,-66
-4922,209
-5094,75
-5239,32
-5333,-62
-4592,120
-4630,184
-4688,168
-4754,218
-4827,192
-4884,89
-4936,58
-5002,48
-5112,86
-5211,-23
-5224,-85
-5218,-275
-5218,-355
-5251,-468
-5309,-552
-5360,-478
-5450,-483
-5484,-418
-5431,-384
-5320,-355
-5224,-259
-5158,-217
-5055,-104
-4872,17
-5096,-86
-5102,-66
-5102,-29
-5102,-29
-5102,-29
-5102,-29
-5102,-29
-5102,-29
-5102,-29
-5102,-29
-5102,-29
-5102,-29
-4897,246
-5060,179
-5189,140
-5018,484
-4987,384
-4944,317
-4864,236
-4796,174
-4888,188
-4912,112
-4909,64
-4935,37
-4950,60
-4926,-40
-4798,-150
-4754,-201
-4799,-284
-4895,-316
-5079,-308
-5240,-266
-5328,-264
-5479,-269
-5440,-326
-5335,-357
-5344,-335
-5334,-304
-5307,-216
-5286,-133
-5167,-269
-5216,-349
-5216,-348
-5216,-348
-5216,-348
-5216,-348
-5216,-348
-5216,-348
-5216,-348
-5216,-348
-5216,-348
-5216,-348
-4872,387
-4830,450
-4864,482
-4847,342
-4745,262
-4664,270
-4580,297
-4558,348
-4612,430
-4699,470
-4751,464
-4768,474
-4828,382
-4950,228
-4995,166
-5012,11
-5095,-84
-5184,-134
-5213,-178
-5246,-171
-5312,-228
-5354,-268
-5316,-333
-5256,-353
-5295,-400
-5306,-400
-5266,-353
-5198,-250
-5088,-114
-5136,26
-5136,26
-5136,26
-5136,26
-5136,26
-5136,26
-5136,26
-5136,26
-5136,26
-5136,26
-5136,26
-5167,193
-5284,140
-5256,-19
-5152,133
-5231,171
-5138,164
-5042,112
-5066,-11
-5076,-20
-5091,-23
-5107,5
-5034,109
-5032,128
-5152,72
-5156,-64
-5056,87
-5112,10
-5179,-60
-5224,-40
-5186,-87
-5127,-230
-5019,-198
-4964,-291
-4800,-228
-4918,-294
-5036,-186
-5044,32
-5067,91
-5060,-204
-5039,-167
-5039,-158
-5039,-158
-5039,-158
-5039,-158
-5039,-158
-5039,-158
-5039,-158
-5039,-158
-5039,-158
-5039,-158
-5122,500
-5094,424
-5066,340
-5108,245
-4640,316
-4730,323
-4753,363
-4773,362
-4845,325
-4950,318
-5084,374
-5174,402
-5264,417
-5348,385
-5374,317
-5402,243
-5364,142
-5348,-46
-5232,-216
-5160,-341
-5104,-338
-5016,-384
-4936,-458
-4924,-430
-4906,-352
-4931,-376
-4976,-352
-4930,-285
-4856,187
-4850,128
-4820,131
-4820,131
-4820,131
-4820,131
-4820,131
-4820,131
-4820,131
-4820,131
-4820,131
-4820,131
-5300,202
-5232,198
-5144,190
-5080,256
-4944,295
-4912,234
-4805,176
-4810,134
-4810,98
-4797,115
-4807,144
-4786,163
-4874,208
-5000,278
-5092,284
-5167,324
-5168,250
-5130,108
-5135,34
-5140,-16
-5126,-80
-5200,-164
-5271,-242
-5286,-361
-5263,-437
-5240,-432
-5206,-508
-5195,-449
-5247,-322
-5213,-299
-5204,-284
-5204,-284
-5204,-284
-5204,-284
-5204,-284
-5204,-284
-5204,-284
-5204,-284
-5204,-284
-5204,-284
-4850,352
-4893,373
-4879,380
-4942,342
-5086,549
-5090,580
-5038,501
-4960,405
-4894,329
-4872,245
-4821,121
-4835,124
-4838,128
-4891,134
-4976,170
-5040,199
-5012,128
-5033,36
-5000,29
-4994,-46
-5028,-40
-5086,-108
-5076,-211
-5052,-296
-5091,-336
-5136,-362
-5160,-344
-5142,-420
-5432,-429
-5432,-474
-5405,-490
-5405,-490
-5405,-490
-5405,-490
-5405,-490
-5405,-490
-5405,-490
-5405,-490
-5405,-490
-5405,-490
-5460,-57
-5432,51
-5378,167
-5535,313
-5528,-268
-5496,-134
-5448,-51
-5417,14
-5296,12
-5220,58
-5216,80
-5231,162
-5246,149
-5290,172
-5266,180
-5248,262
-5245,284
-5177,259
-5168,269
-5152,199
-5177,96
-5160,-20
-5182,-75
-5214,-70
-5252,-106
-5380,-196
-5443,-244
-5500,-371
-5434,244
-5392,208
-5392,184
-5392,184
-5392,184
-5392,184
-5392,184
-5392,184
-5392,184
-5392,184
-5392,184
-5392,184
-5392,184
-5392,184
-5338,-528
-5332,-492
-5382,-434
-5189,36
-5196,93
-5227,45
-5164,28
-5162,60
-5098,56
-5088,-50
-5054,-98
-5046,-140
-5093,-157
-5120,-215
-5199,-179
-5236,-117
-5272,-75
-5338,-126
-5352,-235
-5326,-252
-5358,-291
-5444,-285
-5504,-308
-5563,-349
-5664,-344
-5698,-396
-5671,-478
-5614,-470
-5333,12
-5318,-63
-5318,-91
-5318,-91
-5318,-91
-5318,-91
-5318,-91
-5318,-91
-5318,-91
-5318,-91
-5318,-91
-5318,-91
-5178,-427
-5359,-293
-5476,-104
-5398,-767
-5246,-697
-5351,-701
-5497,-636
-5592,-652
-5498,-626
-5460,-660
-5424,-671
-5382,-637
-5360,-528
-5356,-391
-5317,-290
-5302,-247
-5200,-15
-5181,94
-5170,257
-5228,329
-5203,375
-5285,357
-5350,320
-5242,312
-5375,166
-5382,-28
-5367,-184
-5315,-324
-5172,-43
-5152,-76
-5152,-130
-5152,-130
-5152,-130
-5152,-130
-5152,-130
-5152,-130
-5152,-130
-5152,-130
-5152,-130
-5152,-130
-5552,-488
-5636,-460
-5576,-441
-5228,-424
-5261,-95
-5301,-116
-5352,-156
-5443,-113
-5504,-154
-5532,-187
-5555,-186
-5526,-244
-5475,-352
-5470,-564
-5453,-744
-5445,-896
-5494,-928
-5572,-864
-5575,-764
-5548,-712
-5543,-546
-5447,-480
-5371,-350
-5308,-327
-5334,-203
-5374,-126
-5413,6
-5514,108
-5287,-326
-5468,-315
-5468,-278
-5468,-278
-5468,-278
-5468,-278
-5468,-278
-5468,-278
-5468,-278
-5468,-278
-5468,-278
-5468,-278
-5339,-382
-5325,-380
-5323,-309
-5303,-417
-5388,-380
-5514,-363
-5670,-352
-5648,-356
-5578,-419
-5540,-435
-5514,-535
-5400,-521
-5448,-506
-5412,-420
-5424,-329
-5366,-224
-5309,-140
-5270,-80
-5222,-83
-5128,-55
-5104,-90
-5128,-88
-5115,-63
-5032,13
-5080,41
-5262,141
-5352,66
-5372,-48
-5340,-303
-5237,-278
-5237,-278
-5237,-278
-5237,-278
-5237,-278
-5237,-278
-5237,-278
-5237,-278
-5237,-278
-5653,-842
-5654,-924
-5548,-978
-5412,-976
-5475,-96
-5502,-67
-5448,-23
-5343,-30
-5282,4
-5254,-42
-5190,-83
-5206,-54
-5211,-66
-5184,-140
-5235,-139
-5168,-218
-5136,-304
-5143,-439
-5138,-476
-5147,-456
-5278,-437
-5349,-333
-5456,-360
-5477,-376
-5518,-413
-5560,-559
-5556,-571
-5476,-638
-5346,26
-5392,-75
-5392,-75
-5392,-75
-5392,-75
-5392,-75
-5392,-75
-5392,-75
-5392,-75
-5392,-75
-5392,-75
-5392,-75
-5360,-443
-5380,-501
-5463,-431
-5478,-448
-5511,-487
-5464,-504
-5424,-452
-5332,-403
-5360,-268
-5339,-135
-5298,12
-5310,138
-5316,180
-5268,93
-5239,48
-5187,-71
-5190,-126
-5218,-180
-5248,-173
-5248,-80
-5262,-54
-5245,-52
-5188,-115
-5144,-97
-5153,-64
-5260,-158
-5348,-173
-5500,-219
-5212,12
-5373,19
-5373,48
-5373,48
-5373,48
-5373,48
-5373,48
-5373,48
-5373,48
-5373,48
-5373,48
-5373,48
-5592,-495
-5672,-462
-5595,-427
-5505,-448
-5490,-486
-5548,-610
-5495,-436
-5464,-338
-5474,-216
-5561,-159
-5558,8
-5419,306
-5684,98
-5494,156
-5708,-172
-5634,-164
-5470,-98
-5528,-355
-5332,-168
-5260,-146
-5290,-254
-5174,-123
-5036,-274
-5044,-328
-5018,-326
-5148,-452
-5141,-280
-5256,-406
-5599,-298
-5605,-326
-5574,-330
-5574,-330
-5574,-330
-5574,-330
-5574,-330
-5574,-330
-5574,-330
-5574,-330
-5574,-330
-5574,-330
-5574,-330
-5574,-330
-5408,-186
-5326,-372
-5211,-512
-5432,-615
-5395,-41
-5212,-236
-5168,-256
-5164,-278
-5224,-206
-5356,-213
-5412,-228
-5456,-283
-5440,-401
-5403,-491
-5388,-573
-5364,-538
-5348,-527
-5317,-475
-5285,-472
-5246,-467
-5242,-500
-5212,-476
-5240,-459
-5276,-435
-5380,-380
-5447,-364
-5464,-340
-5486,-308
-5418,-678
-5395,-624
-5371,-618
-5371,-618
-5371,-618
-5371,-618
-5371,-618
-5371,-618
-5371,-618
-5371,-618
-5371,-618
-5371,-618
-5143,-376
-5067,-412
-5040,-356
-5164,-234
-5090,22
-5206,51
-5290,108
-5347,88
-5309,30
-5113,-110
-4919,-204
-4870,-230
-4908,-198
-5133,-151
-5464,-84
-5620,-144
-5627,-288
-5580,-566
-5394,-820
-5173,-935
-5227,-842
-5392,-628
-5597,-356
-5629,-295
-5602,-230
-5512,-256
-5358,-345
-5264,-299
-5274,-355
-5297,-348
-5296,-373
-5296,-373
-5296,-373
-5296,-373
-5296,-373
-5296,-373
-5296,-373
-5296,-373
-5296,-373
-5296,-373
-5436,213
-5510,226
-5558,165
-5512,-4
-5499,68
-5552,54
-5403,-55
-5148,-344
-4968,-488
-4944,-471
-5091,-298
-5496,-10
-5572,310
-5699,417
-5635,414
-5319,240
-5213,-16
-5048,-184
-5080,-196
-5350,-138
-5624,-23
-5740,14
-5700,-27
-5458,-152
-5150,-330
-4832,-481
-4879,-486
-5096,-434
-4987,-444
-5156,-477
-5204,-396
-5204,-396
-5204,-396
-5204,-396
-5204,-396
-5204,-396
-5204,-396
-5204,-396
-5204,-396
-5204,-396
-5374,132
-5351,124
-5446,-70
-5288,-106
-5224,-390
-5212,-476
-5236,-436
-5360,-360
-5517,-324
-5552,-349
-5497,-380
-5368,-398
-5310,-291
-5333,-231
-5378,-134
-5396,-23
-5384,25
-5220,-6
-5143,-145
-5030,-214
-4982,-204
-5099,-150
-5229,-88
-5398,25
-5517,147
-5698,166
-5666,78
-5555,-64
-5348,171
-5446,92
-5446,-2
-5446,-2
-5446,-2
-5446,-2
-5446,-2
-5446,-2
-5446,-2
-5446,-2
-5446,-2
-5446,-2
-5446,-2
-5446,-2
-4663,118
-4627,23
-4728,3
-4851,26
-5174,133
-5123,45
-5076,-4
-4988,-100
-4951,-160
-5008,-134
-5030,-70
-5138,100
-5184,377
-5186,598
-5176,742
-5202,812
-5164,727
-5100,425
-4916,63
-4726,-242
-4508,-376
-4443,-270
-4492,32
-4704,325
-4803,526
-4989,431
-5028,152
-4948,-167
-4854,57
-4695,38
-4668,43
-4668,43
-4668,43
-4668,43
-4668,43
-4668,43
-4668,43
-4668,43
-4668,43
-4668,43
-5108,187
-5372,126
-5435,-5
-5334,-240
-5486,-146
-5567,-240
-5574,-376
-5410,-537
-5084,-720
-4931,-864
-4894,-856
-4948,-723
-5110,-518
-5317,-208
-5373,-34
-5336,125
-5255,213
-5075,187
-5032,172
-5070,234
-5046,284
-5100,423
-5208,539
-5301,567
-5068,523
-4879,353
-4746,288
-4525,220
-5059,-108
-5078,131
-5078,253
-5078,253
-5078,253
-5078,253
-5078,253
-5078,253
-5078,253
-5078,253
-5078,253
-5078,253
-5628,267
-5507,107
-5410,-117
-5278,-40
-5377,-87
-5354,-101
-5271,-202
-5179,-512
-5144,-592
-5146,-695
-5197,-636
-5310,-426
-5379,-297
-5412,-206
-5374,-16
-5246,52
-5224,122
-5117,150
-4976,178
-4948,318
-4963,318
-4972,355
-4874,359
-4717,342
-4646,368
-4622,384
-4589,496
-4815,696
-4884,-8
-4871,210
-4871,353
-4871,353
-4871,353
-4871,353
-4871,353
-4871,353
-4871,353
-4871,353
-4871,353
-4871,353
-5086,-616
-4924,-664
-4816,-410
-5019,-306
-5096,-22
-5168,-306
-5276,-581
-5334,-589
-5340,-514
-5215,-415
-5167,-342
-5087,-290
-5006,-284
-5115,-403
-5196,-384
-5372,-374
-5428,-350
-5370,-126
-5217,-18
-4906,308
-4776,396
-4656,432
-4631,402
-4710,347
-4847,277
-4944,176
-4965,217
-4928,241
-4972,-167
-4888,-121
-4888,-83
-4888,-83
-4888,-83
-4888,-83
-4888,-83
-4888,-83
-4888,-83
-4888,-83
-4888,-83
-4888,-83
-4956,-68
-5084,-50
-5152,-48
-4824,112
-4863,98
-5118,23
-5206,30
-5214,-100
-5274,-178
-5332,-256
-5298,-332
-5216,-351
-5226,-337
-5234,-283
-5196,-284
-5125,-142
-5093,-126
-4988,2
-4951,56
-4962,186
-4987,220
-5026,238
-4974,230
-4948,184
-4926,177
-4882,128
-4872,143
-4828,229
-5012,-340
-5071,-350
-5071,-350
-5071,-350
-5071,-350
-5071,-350
-5071,-350
-5071,-350
-5071,-350
-5071,-350
-5071,-350
-5071,-350
-4852,361
-4960,461
-4960,534
-4883,517
-4923,260
-4870,314
-4831,360
-4846,378
-4832,354
-4916,325
-5026,317
-5144,292
-5180,232
-5119,216
-4987,235
-4912,253
-4804,181
-4832,144
-4876,132
-4990,134
-5069,88
-5191,120
-5192,122
-5236,58
-5230,66
-5220,-15
-5219,-48
-5164,-158
-5247,-88
-5224,-192
-5226,-180
-5226,-180
-5226,-180
-5226,-180
-5226,-180
-5226,-180
-5226,-180
-5226,-180
-5226,-180
-5226,-180
-5208,86
-5103,85
-5083,76
-5083,30
-4835,4
-4970,128
-5074,235
-5161,249
-5169,252
-5132,88
-5078,-82
-5071,-240
-5091,-282
-5243,-244
-5307,-107
-5293,-112
-5236,-27
-5219,67
-5156,94
-5096,166
-5033,130
-4960,90
-4905,125
-4856,270
-4848,346
-4924,340
-4943,295
-4936,195
-5223,-394
-5118,-348
-5069,-320
-5069,-320
-5069,-320
-5069,-320
-5069,-320
-5069,-320
-5069,-320
-5069,-320
-5069,-320
-5069,-320
-4811,253
-4816,185
-4751,136
-4734,99
-4893,128
-5055,112
-5148,81
-5219,-8
-5232,-157
-5227,-244
-5255,-320
-5291,-364
-5374,-416
-5340,-336
-5238,-291
-5170,-159
-5095,-79
-5079,-18
-5116,60
-5136,174
-5118,295
-5055,360
-4976,441
-4932,554
-4863,612
-4810,534
-4800,432
-4797,326
-5042,64
-5062,4
-5040,10
-5040,10
-5040,10
-5040,10
-5040,10
-5040,10
-5040,10
-5040,10
-5040,10
-5040,10
-5112,104
-5036,153
-5036,177
-5032,220
-5015,-268
-5050,-234
-5076,-161
-5055,-48
-5055,62
-4962,145
-4930,167
-4845,216
-4860,322
-4924,340
-4986,354
-5040,392
-5052,444
-5072,430
-5029,403
-5016,386
-5011,352
-5082,346
-5043,286
-5028,166
-4947,182
-4915,106
-4956,102
-4904,86
-5184,52
-5212,-16
-5216,-42
-5216,-42
-5216,-42
-5216,-42
-5216,-42
-5216,-42
-5216,-42
-5216,-42
-5216,-42
-5216,-42
-4935,-89
-4946,-86
-4965,-128
-4996,-90
-5073,-100
-5037,-93
-5031,-61
-5090,22
-5126,44
-5148,35
-5134,-1
-5103,-43
-5086,-80
-5049,-148
-4987,-178
-5026,-208
-5012,-205
-4984,-230
-4978,-224
-4987,-140
-5008,-32
-5021,63
-5043,150
-5141,272
-5163,348
-5091,384
-5090,416
-5030,427
-4971,62
-5040,11
-5080,-52
-5080,-52
-5080,-52
-5080,-52
-5080,-52
-5080,-52
-5080,-52
-5080,-52
-5080,-52
-5080,-52
-5080,-52
-5080,-52
-4783,429
-4828,456
-4804,488
-4720,508
-5166,-60
-5098,-45
-5015,-69
-4971,-76
-4924,52
-4988,139
-5042,154
-5018,120
-4948,128
-4979,124
-4972,94
-4975,24
-5068,-56
-5093,-113
-5054,-112
-5024,-140
-5018,-180
-5004,-132
-4988,-42
-4982,28
-4933,60
-4928,90
-4942,179
-4884,176
-4970,209
-5038,84
-5043,43
-5043,43
-5043,43
-5043,43
-5043,43
-5043,43
-5043,43
-5043,43
-5043,43
-5043,43
-4954,280
-4968,240
-4992,250
-5014,259
-4848,170
-4796,195
-4708,343
-4694,536
-4663,629
-4712,712
-4710,714
-4768,742
-4820,737
-4922,612
-5011,464
-5004,348
-5028,149
-5045,-66
-5048,-196
-5078,-304
-5063,-365
-5124,-397
-5124,-373
-5111,-423
-5196,-396
-5211,-386
-5256,-365
-5238,-351
-4949,202
-4944,124
-4911,57
-4911,57
-4911,57
-4911,57
-4911,57
-4911,57
-4911,57
-4911,57
-4911,57
-4911,57
-5008,138
-5027,180
-4998,232
-5030,-64
-5068,16
-5083,104
-5018,179
-4976,324
-4948,371
-4880,364
-4800,368
-4749,385
-4742,377
-4768,302
-4798,247
-4824,210
-4858,185
-4972,128
-4991,102
-5038,111
-5103,81
-5123,14
-5138,-16
-5210,16
-5203,8
-5132,-67
-5134,-78
-5102,-30
-5184,212
-5374,210
-5374,150
-5374,150
-5374,150
-5374,150
-5374,150
-5374,150
-5374,150
-5374,150
-5374,150
-5374,150
-5442,-450
-5440,-366
-5398,-303
-5342,-317
-5526,-656
-5562,-706
-5516,-694
-5438,-693
-5407,-690
-5412,-632
-5397,-575
-5346,-520
-5322,-414
-5356,-304
-5387,-180
-5463,-112
-5488,-99
-5530,-124
-5527,-172
-5508,-220
-5470,-243
-5460,-282
-5418,-226
-5464,-151
-5460,-71
-5468,-38
-5438,32
-5398,54
-5378,142
-5219,112
-5188,75
-5188,75
-5188,75
-5188,75
-5188,75
-5188,75
-5188,75
-5188,75
-5188,75
-5188,75
-5660,94
-5784,70
-5807,24
-5804,-48
-5434,-488
-5408,-466
-5408,-397
-5448,-320
-5422,-187
-5389,-144
-5352,-17
-5284,88
-5268,189
-5258,215
-5240,194
-5194,190
-5180,222
-5208,106
-5252,-6
-5212,-226
-5138,-393
-5120,-523
-5147,-600
-5063,-668
-5047,-637
-5146,-612
-5253,-496
-5317,-398
-5108,-192
-5256,24
-5256,24
-5256,24
-5256,24
-5256,24
-5256,24
-5256,24
-5256,24
-5256,24
-5256,24
-5256,24
-5600,-68
-5618,-73
-5572,-106
-5444,-210
-5392,-610
-5332,-527
-5312,-352
-5212,-195
-5169,-130
-5096,-82
-5069,-72
-5064,-43
-5118,48
-5212,170
-5325,288
-5372,397
-5407,451
-5364,420
-5390,372
-5400,181
-5349,-62
-5231,-356
-5172,-484
-5173,-508
-5114,-418
-5150,-311
-5276,-180
-5382,-55
-5716,-96
-5712,12
-5621,0
-5621,0
-5621,0
-5621,0
-5621,0
-5621,0
-5621,0
-5621,0
-5621,0
-5621,0
-5488,8
-5510,-106
-5510,-177
-5548,-315
-5272,-707
-5248,-675
-5250,-656
-5282,-640
-5272,-570
-5222,-405
-5281,-163
-5283,137
-5461,362
-5557,420
-5479,362
-5404,230
-5301,170
-5284,19
-5353,-28
-5379,-4
-5336,50
-5338,16
-5314,24
-5252,51
-5184,-26
-5165,-99
-5083,-215
-5064,-297
-5700,-137
-5644,-276
-5604,-362
-5604,-362
-5604,-362
-5604,-362
-5604,-362
-5604,-362
-5604,-362
-5604,-362
-5604,-362
-5604,-362
-5004,218
-5146,190
-5284,197
-5451,-105
-5474,-128
-5474,-160
-5419,-174
-5276,-175
-5271,-181
-5166,-232
-5152,-217
-5192,-6
-5258,18
-5271,86
-5254,97
-5218,62
-5099,22
-5082,31
-5112,34
-5187,3
-5362,-16
-5449,-77
-5504,-200
-5576,-306
-5652,-392
-5626,-497
-5582,-590
-5488,-664
-5494,-546
-5416,-532
-5415,-448
-5415,-448
-5415,-448
-5415,-448
-5415,-448
-5415,-448
-5415,-448
-5415,-448
-5415,-448
-5415,-448
-5487,-35
-5544,-110
-5493,-215
-5448,-366
-5272,168
-5302,0
-5292,-193
-5279,-384
-5295,-435
-5405,-448
-5507,-407
-5504,-371
-5464,-340
-5510,-356
-5500,-288
-5500,-327
-5483,-291
-5610,-243
-5650,-228
-5621,-265
-5528,-337
-5428,-416
-5242,-515
-5082,-519
-4962,-532
-5008,-544
-5080,-380
-5211,-218
-5403,-261
-5396,-219
-5367,-220
-5367,-220
-5367,-220
-5367,-220
-5367,-220
-5367,-220
-5367,-220
-5367,-220
-5367,-220
-5367,-220
-5375,4
-5464,8
-5456,-63
-5392,-93
-5205,-340
-5304,-326
-5376,-224
-5444,-53
-5515,88
-5574,139
-5518,112
-5424,-37
-5244,-146
-5164,-237
-5072,-200
-4990,-80
-4982,81
-4991,170
-4932,248
-4868,224
-4848,136
-4970,-4
-5114,-147
-5286,-248
-5472,-334
-5691,-463
-5620,-592
-5465,-692
-5260,117
-5248,114
-5193,112
-5193,112
-5193,112
-5193,112
-5193,112
-5193,112
-5193,112
-5193,112
-5193,112
-5193,112
-5193,112
-5193,112
-5602,-203
-5606,-185
-5628,-190
-5616,-186
-4914,260
-5052,180
-5232,60
-5388,-106
-5559,-267
-5711,-443
-5778,-565
-5785,-736
-5799,-822
-5832,-864
-5876,-846
-5914,-740
-5959,-566
-5987,-451
-5970,-297
-5915,-178
-5810,-69
-5667,-99
-5440,-218
-5259,-315
-5038,-339
-4960,-280
-4894,-146
-4928,11
-5300,-738
-5417,-640
-5457,-578
-5457,-578
-5457,-578
-5457,-578
-5457,-578
-5457,-578
-5457,-578
-5457,-578
-5457,-578
-5457,-578
-5301,-18
-5264,-38
-5206,-20
-5090,-80
-4868,842
-5116,652
-5078,562
-5098,338
-4976,327
-5038,100
-5070,10
-5346,-290
-5214,-152
-5502,-418
-5415,-338
-5788,-700
-5659,-640
-5654,-656
-5676,-712
-5692,-780
-5713,-815
-5695,-912
-5584,-896
-5502,-953
-5382,-909
-5326,-981
-5226,-956
-5234,-933
-5204,-231
-5230,-299
-5240,-372
-5240,-372
-5240,-372
-5240,-372
-5240,-372
-5240,-372
-5240,-372
-5240,-372
-5240,-372
-5240,-372
-5240,-372
-5240,-372
-5423,-74
-5368,53
-5226,56
-5093,89
-5368,258
-5370,38
-5368,-163
-5288,-347
-5272,-431
-5328,-394
-5352,-448
-5394,-420
-5412,-438
-5458,-614
-5477,-744
-5530,-777
-5578,-798
-5678,-736
-5768,-604
-5720,-487
-5543,-420
-5367,-383
-5184,-364
-5056,-330
-5051,-320
-5158,-324
-5298,-295
-5414,-248
-5159,-325
-5015,-400
-4958,-386
-4958,-386
-4958,-386
-4958,-386
-4958,-386
-4958,-386
-4958,-386
-4958,-386
-4958,-386
-4958,-386
-5676,-438
-5690,-635
-5677,-765
-5568,-868
-5251,-547
-5292,-605
-5360,-588
-5496,-490
-5584,-391
-5662,-398
-5586,-498
-5501,-558
-5410,-633
-5327,-778
-5306,-745
-5337,-657
-5358,-542
-5364,-408
-5372,-255
-5357,-112
-5348,-13
-5314,68
-5332,115
-5352,169
-5436,252
-5443,225
-5343,197
-5251,154
-5530,-256
-5528,-323
-5512,-340
-5512,-340
-5512,-340
-5512,-340
-5512,-340
-5512,-340
-5512,-340
-5512,-340
-5512,-340
-5512,-340
-5160,-223
-5170,-236
-5225,-186
-5322,-57
-5328,88
-5374,116
-5343,58
-5316,40
-5315,12
-5236,-84
-5220,-153
-5250,-135
-5234,-91
-5337,-3
-5368,6
-5382,-23
-5368,-164
-5326,-318
-5268,-446
-5244,-517
-5218,-457
-5254,-324
-5236,-228
-5262,-107
-5223,-133
-5230,-211
-5270,-212
-5328,-268
-4764,-22
-4820,-28
-4892,-54
-4892,-54
-4892,-54
-4892,-54
-4892,-54
-4892,-54
-4892,-54
-4892,-54
-4892,-54
-4892,-54
-4892,-54
-4892,-54
-5036,164
-4978,78
-4912,-35
-4760,-149
-5078,-24
-5080,34
-4990,59
-4866,41
-4758,41
-4672,64
-4736,198
-4911,369
-5096,500
-5307,563
-5382,506
-5341,467
-5143,332
-4958,201
-4816,132
-4812,175
-4824,257
-4890,317
-4882,380
-4820,421
-4780,390
-4772,316
-4847,240
-4931,64
-5071,268
-5056,267
-5088,299
-5088,299
-5088,299
-5088,299
-5088,299
-5088,299
-5088,299
-5088,299
-5088,299
-5088,299
-5088,299
-5088,299
-5176,218
-5266,160
-5300,93
-5312,60
-5362,-62
-5240,-158
-5176,-168
-5077,-206
-5020,-143
-5016,-103
-4978,-64
-4994,-13
-5056,80
-5019,107
-5008,174
-4988,205
-4987,285
-4964,262
-4944,234
-4936,311
-4878,301
-4858,337
-4831,374
-4852,428
-4844,450
-4846,388
-4820,333
-4770,304
-5276,-470
-5286,-478
-5253,-478
-5253,-478
-5253,-478
-5253,-478
-5253,-478
-5253,-478
-5253,-478
-5253,-478
-5253,-478
-5253,-478
-4892,330
-5005,283
-4982,244
-4946,112
-4740,328
-4732,201
-4704,160
-4716,148
-4713,72
-4794,32
-4880,28
-4915,-6
-4906,-23
-5060,-87
-5172,-92
-5304,-85
-5357,-114
-5384,-155
-5389,-136
-5304,-243
-5283,-204
-5312,-173
-5294,-187
-5244,-196
-5175,-86
-5104,-6
-4990,63
-4939,152
-5414,-131
-5448,-113
-5458,-101
-5458,-101
-5458,-101
-5458,-101
-5458,-101
-5458,-101
-5458,-101
-5458,-101
-5458,-101
-5458,-101
-4941,185
-4988,80
-5021,2
-5033,-88
-5069,244
-5080,190
-5070,140
-5148,75
-5062,51
-5059,-52
-5082,-103
-5152,-100
-5151,-205
-5150,-311
-5214,-244
-5246,-192
-5119,-187
-5020,-193
-4904,-179
-4857,-83
-4831,25
-4843,116
-4867,193
-4879,304
-4904,421
-4936,474
-4895,467
-4852,449
-4796,141
-4918,144
-4963,189
-4963,189
-4963,189
-4963,189
-4963,189
-4963,189
-4963,189
-4963,189
-4963,189
-4963,189
-4963,189
-4963,189
-5188,64
-5176,60
-5152,110
-5038,125
-4800,183
-4831,104
-4864,80
-4952,118
-4982,135
-5034,172
-5055,196
-5052,214
-5013,161
-4966,28
-4972,-92
-5022,-215
-5083,-238
-5136,-351
-5103,-384
-5096,-330
-5068,-282
-5026,-259
-5004,-185
-4975,-106
-4979,-72
-5020,-5
-5060,181
-5069,249
-4889,746
-4917,769
-4877,759
-4877,759
-4877,759
-4877,759
-4877,759
-4877,759
-4877,759
-4877,759
-4877,759
-4877,759
-4877,759
-4877,759
-5297,-326
-5264,-358
-5200,-415
-5183,-462
-4798,-156
-4893,-251
-4926,-254
-4981,-197
-5130,-77
-5204,34
-5210,161
-5188,98
-5192,78
-5234,33
-5215,-28
-5200,-68
-5219,-27
-5220,42
-5141,24
-5042,128
-4982,171
-4951,146
-4963,105
-4951,100
-4960,140
-5037,128
-5014,153
-4988,203
-4802,229
-4774,184
-4750,132
-4750,132
-4750,132
-4750,132
-4750,132
-4750,132
-4750,132
-4750,132
-4750,132
-4750,132
-5118,215
-5096,89
-5109,-40
-5140,-179
-5228,258
-5269,156
-5228,40
-5142,-80
-5016,-268
-4988,-327
-4944,-275
-4886,-178
-4886,-36
-4910,85
-4933,173
-4980,192
-5028,164
-5056,-27
-5120,-98
-5144,-115
-5116,-185
-5140,-176
-5152,-72
-5109,27
-5029,102
-4984,198
-4990,276
-4994,274
-5130,-46
-5163,-36
-5210,32
-5210,32
-5210,32
-5210,32
-5210,32
-5210,32
-5210,32
-5210,32
-5210,32
-5210,32
-5210,32
-5210,32
-4788,659
-4762,624
-4754,568
-4808,518
-4971,-14
-4939,-124
-5055,-302
-4971,-283
-4956,-240
-5022,-165
-4897,106
-4976,159
-4912,372
-4818,478
-4844,544
-4842,533
-4818,574
-4799,531
-4835,450
-4863,291
-4848,140
-4938,9
-4976,-166
-4978,-274
-5020,-312
-5028,-344
-5048,-343
-5076,-255
-4946,270
-5036,237
-5068,188
-5068,188
-5068,188
-5068,188
-5068,188
-5068,188
-5068,188
-5068,188
-5068,188
-5068,188
-4918,69
-4862,42
-4860,-16
-4872,-23
-4808,116
-4716,4
-4690,-32
-4704,-8
-4854,121
-4956,128
-5036,116
-5080,69
-5102,61
-5141,107
-5164,147
-5149,240
-4957,264
-4839,272
-4728,285
-4625,222
-4566,233
-4610,125
-4735,92
-4868,53
-5019,98
-5160,29
-5172,0
-5148,380,0
0,0
0,0
0,0
0,0
0,0
0,0
0,0
0,0
0,0
0,0
0,0
0,0
0,0
0,0
0,0
0,0
0,0
0,0
0,0
0,0
0,0
0,0
0,0
0,0
0,0
0,0
0,0
0,0
0,0
0,0
0,0
0,0
0,0
0,0
0,0
0,0
0,0
0,0
0,0
0,0
0,0
0,0
0,0
0,0
0,0
0,0
0,0
0,0
0,0
0,0
0,0
0,0
0,0
0,0
0,0
0,0
0,0
0,0
0,0
0,0
0,0
0,0
0,0
0,0
0,0
0,0
0,0
0,0
0,0
0,0
0,0
0,0
0,0
0,0
0,0
0,0
0,0
0,0
0,0
0,0
0,0
0,0
0,0
0,0
0,0
0,0
0,0
0,0
0,0
0,0
0,0
0,0
0,0
0,0
0,0
0,0
0,0
0,0
0,0
0,0
0,0
0,0
0,0
0,0
0,0
0,0
0,0
0,0
0,0
0,0
0,0
0,0
0,0
0,0
0,0
0,0
0,0
0,0
0,0
0,0
0,0
0,0
0,0
0,0
0,0
0,0
0,0
0,0
0,0
0,0
0,0
0,0
0,0
0,0
0,0
0,0
0,0
0,0
0,0
0,0
0,0
0,0
0,0
-5081,-112
-5123,-68
-5171,8
-5246,37
-5300,-14
-5296,-51
-5139,-130
-5112,-160
-5167,-102
-5187,-85
-5158,-63
-5123,-36
-5088,29
-5054,75
-4950,150
-4959,264
-4964,324
-4898,396
-4944,490
-5035,508
-5114,435
-5122,358
-5148,296
-5436,-319
-5519,-334
-5519,-320
-5519,-320
-5519,-320
-5519,-320
-5519,-320
-5519,-320
-5519,-320
-5519,-320
-5519,-320
-5519,-320
-5519,-320
-5519,-320
-5486,-208
-5467,-230
-5429,-195
-5396,-196
-5548,-456
-5522,-452
-5440,-437
-5382,-361
-5348,-336
-5351,-290
-5311,-284
-5302,-308
-5274,-316
-5251,-246
-5257,-200
-5304,-197
-5262,-139
-5339,-35
-5308,-31
-5253,-2
-5206,27
-5270,58
-5296,18
-5349,42
-5390,-31
-5380,-114
-5399,-174
-5403,-224
-5312,-42
-5374,-99
-5368,-135
-5368,-135
-5368,-135
-5368,-135
-5368,-135
-5368,-135
-5368,-135
-5368,-135
-5368,-135
-5368,-135
-5322,-472
-5350,-487
-5336,-469
-5355,-419
-5471,-336
-5459,-268
-5418,-254
-5354,-200
-5266,-192
-5232,-168
-5200,-122
-5197,-92
-5167,-74
-5170,-150
-5159,-214
-5197,-220
-5244,-190
-5270,-183
-5236,-206
-5252,-180
-5324,-179
-5420,-172
-5471,-182
-5511,-248
-5520,-261
-5468,-287
-5496,-268
-5462,-362
-5204,-167
-5270,-226
-5317,-262
-5317,-262
-5317,-262
-5317,-262
-5317,-262
-5317,-262
-5317,-262
-5317,-262
-5317,-262
-5317,-262
-5360,-292
-5396,-376
-5424,-382
-5438,-395
-5260,-168
-5208,-52
-5192,56
-5143,143
-5204,96
-5186,82
-5204,170
-5208,184
-5730,-335
-5730,-422
-5779,-403
-5838,-397
-5337,88
-5284,36
-5180,13
-5037,32
-5168,-168
-5115,-183
-5112,-178
-5082,-134
-5451,-482
-5561,-464
-5630,-469
-5698,-577
-5390,-78
-5424,-106
-5423,-123
-5423,-123
-5423,-123
-5423,-123
-5423,-123
-5423,-123
-5423,-123
-5423,-123
-5423,-123
-5423,-123
-5322,-396
-5275,-380
-5266,-352
-5237,-363
-5400,-363
-5408,-394
-5386,-336
-5424,-220
-5413,-140
-5509,-136
-5528,-72
-5464,-70
-5380,-94
-5370,-90
-5392,-70
-5333,-57
-5294,-106
-5344,-203
-5312,-364
-5240,-448
-5200,-406
-5200,-399
-5184,-311
-5174,-234
-5275,-142
-5334,-131
-5314,-114
-5339,-28
-5316,-64
-5354,20
-5376,60
-5376,60
-5376,60
-5376,60
-5376,60
-5376,60
-5376,60
-5376,60
-5376,60
-5376,60
-5376,-173
-5399,-234
-5360,-292
-5402,-294
-5263,-504
-5302,-573
-5280,-626
-5320,-622
-5358,-541
-5331,-537
-5343,-480
-5380,-376
-5384,-291
-5372,-206
-5347,-188
-5338,-167
-5315,-187
-5366,-220
-5434,-184
-5450,-120
-5406,-70
-5406,-26
-5386,9
-5304,26
-5250,30
-5231,-36
-5238,20
-5226,32
-5236,30
-5274,56
-5256,34
-5256,34
-5256,34
-5256,34
-5256,34
-5256,34
-5256,34
-5256,34
-5256,34
-5256,34
-5256,34
-5256,34
-5255,-199
-5278,-246
-5300,-240
-5286,-290
-5240,-186
-5306,-302
-5326,-378
-5366,-413
-5300,-428
-5388,-378
-5456,-355
-5496,-364
-5468,-342
-5488,-353
-5456,-334
-5437,-239
-5380,-160
-5352,-184
-5312,-267
-5320,-238
-5328,-190
-5319,-214
-5326,-204
-5301,-132
-5255,-83
-5236,-140
-5252,-128
-5244,-87
-5320,-312
-5407,-394
-5384,-445
-5384,-445
-5384,-445
-5384,-445
-5384,-445
-5384,-445
-5384,-445
-5384,-445
-5384,-445
-5384,-445
-5236,-5
-5244,-122
-5260,-256
-5307,-334
-5382,-148
-5387,-186
-5368,-226
-5335,-277
-5320,-316
-5383,-295
-5316,-296
-5283,-268
-5224,-204
-5182,-242
-5216,-212
-5274,-171
-5319,-161
-5372,-156
-5363,-176
-5382,-139
-5358,-131
-5421,-124
-5435,-172
-5428,-214
-5404,-191
-5420,-216
-5388,-198
-5383,-158
-5224,-15
-5264,-11
-5304,-1
-5304,-1
-5304,-1
-5304,-1
-5304,-1
-5304,-1
-5304,-1
-5304,-1
-5304,-1
-5304,-1
-5144,24
-5188,-90
-5270,-96
-5342,-76
-5374,-128
-5368,-224
-5376,-287
-5387,-320
-5381,-314
-5372,-330
-5332,-295
-5308,-275
-5254,-252
-5268,-203
-5202,-181
-5159,-140
-5134,-106
-5140,-60
-5074,-86
-5047,-128
-5046,-113
-5070,-101
-5126,-84
-5221,-68
-5251,-64
-5350,-104
-5450,-102
-5536,-126
-5184,157
-5234,145
-5262,145
-5262,145
-5262,145
-5262,145
-5262,145
-5262,145
-5262,145
-5262,145
-5262,145
-5262,145
-5324,-151
-5274,-214
-5223,-240
-5282,-223
-5548,-444
-5524,-552
-5479,-590
-5413,-676
-5380,-663
-5376,-576
-5326,-438
-5322,-270
-5322,-79
-5423,71
-5440,189
-5414,260
-5334,196
-5283,73
-5296,73
-5256,-27
-5178,-39
-5148,-69
-5114,-39
-5021,-46
-4967,-22
-5020,-15
-5046,-18
-5061,19
-4952,-52
-4972,-47
-5010,-56
-5010,-56
-5010,-56
-5010,-56
-5010,-56
-5010,-56
-5010,-56
-5010,-56
-5010,-56
-5010,-56
-5286,169
-5231,132
-5272,157
-5279,86
-5697,-578
-5638,-482
-5462,-414
-5358,-316
-5211,-182
-5155,-76
-5130,92
-5134,256
-5048,457
-5022,513
-4954,568
-4904,572
-4874,570
-4963,517
-5036,454
-5168,337
-5248,267
-5212,48
-5266,-61
-5307,-106
-5349,-168
-5350,-294
-5446,-212
-5459,-195
-4828,824
-4791,996
-4780,1074
-4780,1074
-4780,1074
-4780,1074
-4780,1074
-4780,1074
-4780,1074
-4780,1074
-4780,1074
-4780,1074
-5376,-386
-5254,-446
-5135,-514
-5101,-592
-5099,454
-5288,101
-5459,-172
-5664,-543
-5760,-768
-5827,-1008
-5800,-1216
-5836,-1414
-5896,-1498
-5952,-1600
-5976,-1560
-5936,-1573
-5926,-1520
-5907,-1452
-5824,-1396
-5752,-1331
-5626,-1276
-5562,-1203
-5556,-1166
-5590,-1118
-5524,-976
-5534,-804
-5528,-603
-5468,-302
-5410,58
-5428,18
-5421,25
-5421,25
-5421,25
-5421,25
-5421,25
-5421,25
-5421,25
-5421,25
-5421,25
-5421,25
-5421,25
-5292,25
-5269,-118
-5258,-112
-5250,-100
-5530,-302
-5507,-356
-5411,-436
-5323,-504
-5197,-512
-5088,-584
-5102,-578
-5148,-575
-5191,-470
-5288,-411
-5324,-360
-5296,-330
-5304,-316
-5277,-330
-5203,-316
-5221,-226
-5211,-37
-5268,45
-5271,130
-5208,180
-5133,225
-5164,225
-5318,214
-5454,153
-5538,52
-4934,207
-4942,151
-4942,151
-4942,151
-4942,151
-4942,151
-4942,151
-4942,151
-4942,151
-4942,151
-4942,151
-4942,151
-4928,352
-4999,256
-5044,192
-5064,128
-4947,352
-4980,394
-4954,346
-4909,356
-4847,393
-4908,348
-4880,176
-4920,119
-4924,70
-5016,-47
-5027,-162
-5048,-222
-5108,-201
-5088,-200
-5065,-164
-5086,-177
-5114,-80
-5081,-32
-4998,65
-4986,144
-4931,228
-4912,222
-4920,173
-4955,187
-5096,-353
-5015,-414
-4980,-434
-4980,-434
-4980,-434
-4980,-434
-4980,-434
-4980,-434
-4980,-434
-4980,-434
-4980,-434
-4980,-434
-4938,323
-4971,284
-4954,305
-4892,-46
-4957,-126
-4702,231
-4766,212
-4730,234
-4780,230
-4900,163
-4488,597
-4747,416
-4738,432
-4890,274
-4747,312
-4792,204
-4849,242
-4944,246
-4901,208
-4981,188
-5200,80
-5077,233
-5312,-57
-5120,-12
-5124,-130
-5090,-213
-5038,-228
-4992,-179
-5035,-328
-4924,-306
-4924,-306
-4924,-306
-4924,-306
-4924,-306
-4924,-306
-4924,-306
-4924,-306
-4924,-306
-4924,-306
-4924,-306
-5259,72
-5324,84
-5287,86
-4972,-66
-5047,-15
-5146,34
-5110,82
-5100,140
-5086,90
-5024,60
-5016,63
-4950,32
-4963,15
-4944,32
-4879,33
-4908,121
-4982,149
-5078,144
-5120,113
-5147,163
-5202,151
-5210,227
-5146,296
-5100,384
-5020,400
-4952,398
-4847,368
-4730,278
-5250,103
-5248,-48
-5248,-48
-5248,-48
-5248,-48
-5248,-48
-5248,-48
-5248,-48
-5248,-48
-5248,-48
-5248,-48
-5248,-48
-4917,158
-4855,56
-4856,56
-5040,-46
-4894,-40
-4768,-18
-4751,113
-4789,196
-4854,256
-4924,340
-4932,315
-4942,286
-5044,272
-5067,242
-5048,139
-4990,70
-4939,45
-4933,44
-4864,36
-4826,62
-4920,76
-4982,128
-4958,145
-5000,230
-5064,275
-5080,289
-5122,282
-5142,316
-4964,305
-5003,290
-5003,290
-5003,290
-5003,290
-5003,290
-5003,290
-5003,290
-5003,290
-5003,290
-5003,290
-5003,290
-5003,290
-5003,290
-5082,-79
-5012,-112
-4973,-70
-4996,4
-4787,168
-4799,200
-4839,218
-4890,218
-5026,275
-5159,312
-5240,268
-5264,196
-5203,118
-5204,-14
-5123,-144
-5046,-264
-5033,-328
-5108,-343
-5155,-346
-5189,-259
-5122,-198
-5012,-112
-4907,-47
-4852,-4
-4828,163
-4830,147
-4859,169
-4898,236
-4791,101
-5063,70
-5072,160
-5072,160
-5072,160
-5072,160
-5072,160
-5072,160
-5072,160
-5072,160
-5072,160
-4808,52
-4711,64
-4695,32
-4622,195
-4922,488
-4992,498
-4996,414
-4957,248
-4890,29
-4834,-135
-4825,-171
-4886,-63
-4932,104
-4915,243
-4939,262
-4930,258
-4898,256
-5001,150
-5138,94
-5308,68
-5336,6
-5360,-48
-5230,-110
-5021,-127
-4816,-220
-4679,-282
-4723,-227
-4904,-127
-5082,-28
-4994,301
-4966,240
-4966,240
-4966,240
-4966,240
-4966,240
-4966,240
-4966,240
-4966,240
-4966,240
-4966,240
-4966,240
-5106,70
-5155,-43
-5076,-176
-5010,-252
-4951,82
-5096,165
-5180,251
-5226,249
-5292,293
-5323,246
-5294,141
-5216,108
-5142,122
-5079,78
-5039,88
-5001,65
-4992,55
-4964,8
-4996,-29
-4925,-14
-4933,36
-4970,121
-4999,152
-4987,129
-4896,142
-4852,44
-4834,-21
-4862,7
-5146,140
-5078,182
-5064,184
-5064,184
-5064,184
-5064,184
-5064,184
-5064,184
-5064,184
-5064,184
-5064,184
-4823,0
-4848,-24
-4912,33
-5035,43
-5167,644
-5144,552
-5080,442
-5011,345
-4922,273
-4982,164
-4920,12
-4836,-111
-4729,-322
-4614,-366
-4481,-445
-4455,-449
-4428,-272
-4616,-222
-4760,-125
-4876,-36
-4832,192
-5053,57
-5070,48
-5110,11
-5182,84
-5280,40
-5365,68
-5456,147
-5400,154
-5114,309
-5086,316
-5086,316
-5086,316
-5086,316
-5086,316
-5086,316
-5086,316
-5086,316
-5086,316
-5086,316
-5086,316
-5054,527
-5168,520
-5166,400
-5074,-3
-5062,-46
-5064,-76
-5024,-160
-5016,-161
-5040,-189
-5126,-178
-5174,-57
-5078,53
-5000,68
-4908,124
-4874,206
-4819,344
-4876,405
-4930,448
-4910,472
-4902,403
-4913,322
-4960,281
-5068,275
-5092,332
-5161,292
-5100,230
-5056,140
-4898,126
-5080,289
-5070,290
-5070,290
-5070,290
-5070,290
-5070,290
-5070,290
-5070,290
-5070,290
-5070,290
-5070,290
-5070,290
-4876,119
-5020,186
-5104,198
-4915,108
-4852,23
-4766,-70
-4760,-48
-4784,16
-4879,53
-4931,82
-4888,45
-4854,89
-4822,9
-4875,46
-4878,162
-4896,221
-4948,284
-4995,280
-5015,230
-4982,202
-4995,82
-5088,9
-5182,-20
-5277,-89
-5302,-95
-5298,-127
-5192,-219
-5024,-302
-4976,-64
-5002,96
-5002,96
-5002,96
-5002,96
-5002,96
-5002,96
-5002,96
-5002,96
-5002,96
-5002,96
-5002,96
-5125,-114
-5043,-104
-4923,-80
-4940,-4
-5071,-3
-4994,-85
-4902,-160
-4852,-204
-4818,-218
-4846,-196
-4888,-75
-4974,91
-5062,216
-5099,323
-5048,320
-5022,350
-4914,381
-4874,422
-4917,388
-4948,384
-4995,374
-5074,259
-5029,188
-5094,116
-5136,43
-5184,-64
-5194,-140
-5194,-206
-5040,-70
-4966,-26
-4968,12
-4968,12
-4968,12
-4968,12
-4968,12
-4968,12
-4968,12
-4968,12
-4968,12
-4968,12
-5122,118
-5131,63
-5113,32
-4920,272
-4822,324
-4804,365
-4782,386
-4697,380
-4700,347
-4690,236
-4728,158
-4709,157
-4888,64
-5061,84
-5224,74
-5287,73
-5334,-17
-5316,-29
-5304,-57
-5232,-32
-5178,8
-5126,12
-5087,-4
-5002,29
-4978,11
-4926,-55
-4886,-99
-4724,-89
-4991,132
-5024,126
-5024,126
-5024,126
-5024,126
-5024,126
-5024,126
-5024,126
-5024,126
-5024,126
-5024,126
-5024,126
-5023,-15
-5122,61
-5154,118
-5302,-318
-5284,-384
-5291,-416
-5296,-466
-5368,-372
-5434,-290
-5418,-218
-5508,-150
-5435,-118
-5461,-182
-5408,-240
-5352,-262
-5288,-226
-5211,-200
-5230,-192
-5316,-114
-5364,-12
-5327,38
-5296,-54
-5347,-149
-5344,-206
-5404,-284
-5420,-426
-5416,-502
-5414,-440
-5366,-438
-5418,-442
-5418,-442
-5418,-442
-5418,-442
-5418,-442
-5418,-442
-5418,-442
-5418,-442
-5418,-442
-5418,-442
-5418,-442
-5418,-442
-5418,-442
-5418,-151
-5516,58
-5543,156
-5304,-3
-5307,-3
-5269,-100
-5296,-108
-5230,-72
-5242,-117
-5291,-71
-5375,-26
-5368,-85
-5466,-165
-5496,-248
-5466,-412
-5430,-574
-5452,-698
-5495,-704
-5518,-575
-5454,-421
-5462,-335
-5447,-253
-5414,-228
-5373,-221
-5368,-315
-5343,-374
-5318,-371
-5284,-303
-5331,-376
-5317,-504
-5317,-504
-5317,-504
-5317,-504
-5317,-504
-5317,-504
-5317,-504
-5317,-504
-5317,-504
-5455,130
-5419,-2
-5299,-90
-5620,-52
-5614,-83
-5576,-154
-5532,-248
-5536,-240
-5436,-286
-5388,-295
-5350,-226
-5288,-130
-5267,-102
-5318,-58
-5334,-78
-5296,-104
-5295,-131
-5208,-130
-5167,-91
-5136,-14
-5144,-5
-5072,-28
-5048,-7
-5042,-26
-5147,-54
-5332,-103
-5456,-158
-5468,-248
-5462,-409
-5476,-493
-5476,-493
-5476,-493
-5476,-493
-5476,-493
-5476,-493
-5476,-493
-5476,-493
-5476,-493
-5476,-493
-5476,-493
-5413,32
-5331,-26
-5222,-8
-5186,-32
-5101,86
-5094,45
-5118,44
-5140,-2
-5151,-57
-5195,-100
-5292,-100
-5386,-82
-5374,-98
-5391,-96
-5366,-106
-5334,-168
-5296,-240
-5284,-214
-5227,-275
-5184,-320
-5213,-256
-5291,-232
-5308,-250
-5374,-219
-5388,-175
-5392,-252
-5373,-256
-5338,-274
-5334,-160
-5304,-60
-5474,-163
-5474,-163
-5474,-163
-5474,-163
-5474,-163
-5474,-163
-5474,-163
-5474,-163
-5474,-163
-5474,-163
-5474,-163
-5474,-163
-5237,50
-5216,150
-5262,112
-5228,220
-5318,130
-5354,140
-5343,113
-5278,82
-5298,-40
-5213,-3
-5357,-120
-5324,-78
-5429,-74
-5635,-237
-5602,-240
-5387,-258
-5348,-339
-5269,-353
-5312,-289
-5250,-172
-5306,-161
-5228,-100
-5212,-125
-5325,-206
-5327,-296
-5310,-278
-5439,-382
-5412,-424
-5108,-135
-5130,-127
-5130,-127
-5130,-127
-5130,-127
-5130,-127
-5130,-127
-5130,-127
-5130,-127
-5130,-127
-5130,-127
-5130,-127
-5316,-445
-5224,-430
-5206,-372
-5544,-303
-5579,-313
-5524,-308
-5456,-322
-5419,-311
-5398,-357
-5401,-356
-5367,-309
-5280,-284
-5332,-269
-5331,-252
-5304,-151
-5295,-139
-5284,-148
-5227,-111
-5218,-128
-5240,10
-5288,39
-5286,69
-5360,109
-5360,84
-5356,14
-5383,-70
-5414,-148
-5388,-167
-5319,-57
-5402,0
-5402,0
-5402,0
-5402,0
-5402,0
-5402,0
-5402,0
-5402,0
-5402,0
-5402,0
-5402,0
-5402,0
-4916,0
-4976,-40
-5032,0
-5096,-4
-5364,-416
-5378,-346
-5364,-265
-5421,-162
-5431,-128
-5452,-137
-5454,-171
-5444,-206
-5352,-198
-5278,-224
-5251,-158
-5230,-118
-5185,-59
-5165,24
-5167,38
-5220,105
-5227,129
-5328,170
-5344,209
-5292,229
-5191,256
-5106,234
-5038,176
-4984,161
-4966,116
-4510,2117
-4496,2019
-4496,2019
-4496,2019
-4496,2019
-4496,2019
-4496,2019
-4496,2019
-4496,2019
-4496,2019
-4496,2019
-4496,2019
-6109,-2277
-6176,-2410
-6205,-2462
-5322,-1052
-5388,-1169
-5486,-1178
-5526,-1244
-5536,-1317
-5623,-1301
-5758,-1350
-5841,-1412
-5818,-1515
-5875,-1624
-5932,-1768
-5924,-1879
-5821,-1952
-5831,-1956
-5883,-1774
-5898,-1592
-5994,-1248
-5991,-1058
-5888,-820
-5619,-624
-5364,-276
-5188,10
-4989,394
-4934,801
-4992,1282
-5656,-260
-5847,-253
-5847,-253
-5847,-253
-5847,-253
-5847,-253
-5847,-253
-5847,-253
-5847,-253
-5847,-253
-5847,-253
-5847,-253
-4668,1
-4744,-24
-4878,-100
-5150,-130
-5247,-200
-5301,-243
-5325,-188
-5350,-159
-5347,-108
-5281,-106
-5204,-180
-5099,-260
-5113,-322
-5126,-457
-5212,-611
-5366,-700
-5588,-783
-5698,-814
-5812,-915
-5834,-964
-5826,-1063
-5828,-1099
-5804,-1066
-5794,-876
-5876,-680
-5941,-415
-5788,-215
-5518,72
-5040,392
-4915,230
-4915,230
-4915,230
-4915,230
-4915,230
-4915,230
-4915,230
-4915,230
-4915,230
-4915,230
-5527,230
-5573,-780
-5568,-848
-5594,-852
-5624,-928
-5642,-933
-5629,-864
-5558,-812
-5560,-700
-5662,-678
-5760,-640
-5806,-532
-5836,-399
-5836,-384
-5664,-357
-5533,-329
-5334,-314
-5200,-360
-5048,-348
-5052,-272
-5027,-140
-5054,-100
-5078,16
-5134,187
-5120,349
-5095,377
-5109,456
-5088,539
-5035,586
-5340,-200
-5401,-222
-5401,-222
-5401,-222
-5401,-222
-5401,-222
-5401,-222
-5401,-222
-5401,-222
-5401,-222
-5401,-222
-5401,-222
-5064,524
-5107,309
-5063,116
-5014,323
-4901,360
-4800,360
-4744,440
-4787,568
-4793,688
-4826,722
-4836,664
-4788,595
-4910,389
-4988,135
-5101,-85
-5226,-298
-5436,-612
-5568,-935
-5666,-1232
-5768,-1555
-5892,-1724
-6019,-1901
-6059,-2014
-6054,-1974
-6114,-1983
-6012,-1844
-5878,-1654
-5847,-1452
-5518,-604
-5447,-640
-5447,-640
-5447,-640
-5447,-640
-5447,-640
-5447,-640
-5447,-640
-5447,-640
-5447,-640
-5447,-640
-5447,-640
-5447,-640
-5447,-640
-4964,314
-5054,261
-5094,156
-5243,-312
-5280,-401
-5280,-435
-5286,-459
-5286,-463
-5315,-470
-5331,-456
-5351,-366
-5359,-236
-5341,-194
-5340,-84
-5316,-106
-5312,-118
-5359,-164
-5336,-198
-5406,-248
-5436,-252
-5478,-307
-5549,-334
-5587,-403
-5540,-438
-5527,-476
-5421,-501
-5278,-430
-5198,-250
-5388,-576
-5394,-571
-5394,-571
-5394,-571
-5394,-571
-5394,-571
-5394,-571
-5394,-571
-5394,-571
-5394,-571
-5394,-571
-5394,-571
-5127,-21
-5240,-127
-5344,-190
-5198,82
-5230,32
-5307,28
-5322,-53
-5314,-80
-5350,-113
-5339,-168
-5328,-212
-5370,-164
-5446,-184
-5421,-262
-5298,-348
-5192,-371
-5223,-358
-5190,-324
-5200,-296
-5200,-236
-5276,-200
-5252,-223
-5277,-230
-5292,-192
-5308,-212
-5339,-192
-5338,-144
-5316,-84
-4970,249
-4892,264
-4892,264
-4892,264
-4892,264
-4892,264
-4892,264
-4892,264
-4892,264
-4892,264
-4892,264
-4892,264
-5198,-60
-5218,-31
-5208,-40
-4939,-279
-5039,-313
-5160,-282
-5280,-224
-5325,-176
-5416,-159
-5406,-148
-5342,-95
-5204,-80
-5140,-88
-5027,-24
-4926,90
-4804,180
-4780,321
-4780,490
-4820,596
-4840,659
-4882,635
-4872,508
-4861,461
-4802,411
-4857,259
-4813,224
-4749,220
-4676,229
-5346,87
-5260,104
-5260,104
-5260,104
-5260,104
-5260,104
-5260,104
-5260,104
-5260,104
-5260,104
-5260,104
-5260,104
-5003,459
-5132,454
-5236,418
-4747,0
-4760,-120
-4847,-147
-4974,-102
-5116,-56
-5307,17
-5512,19
-5634,101
-5678,128
-5666,69
-5542,-2
-5343,41
-5065,168
-4942,242
-4879,344
-4852,490
-4846,578
-4853,466
-4862,384
-4766,196
-4744,-11
-4742,-157
-4746,-236
-4688,-282
-4631,-250
-4998,242
-5047,221
-5047,221
-5047,221
-5047,221
-5047,221
-5047,221
-5047,221
-5047,221
-5047,221
-5047,221
-5046,221
-5184,310
-5272,325
-5310,340
-4716,-426
-4846,-358
-4980,-166
-5111,11
-5144,224
-5381,65
-5040,216
-5036,40
-4958,14
-5045,-43
-5132,-46
-5208,136
-5262,276
-5161,422
-4896,552
-4814,371
-4676,436
-4560,387
-4662,228
-4896,174
-5071,324
-5240,253
-5215,203
-5088,45
-4751,-106
-5262,-22
-4980,-90
-4980,-90
-4980,-90
-4980,-90
-4980,-90
-4980,-90
-4980,-90
-4980,-90
-4980,-90
-4980,-90
-4980,-90
-4819,262
-4828,207
-4957,100
-5185,224
-5283,364
-5213,352
-5022,304
-4815,148
-4708,-6
-4711,-84
-4820,-118
-5035,-38
-5186,30
-5174,132
-5067,253
-4856,339
-4724,252
-4653,156
-4692,106
-4840,50
-5050,10
-5231,84
-5321,105
-5330,134
-5296,80
-5200,-16
-5072,-71
-4984,-100
-4942,24
-4899,-27
-4899,-27
-4899,-27
-4899,-27
-4899,-27
-4899,-27
-4899,-27
-4899,-27
-4899,-27
-4899,-27
-4899,-27
-4899,-27
-4928,-27
-5019,221
-5060,290
-5040,289
-5060,12
-5013,58
-4968,147
-4923,152
-4980,190
-5118,213
-5196,240
-5226,212
-5208,163
-5156,91
-5056,48
-4968,21
-4928,-56
-4868,-53
-4828,0
-4877,144
-4915,296
-4982,350
-5039,354
-5048,328
-5012,212
-4934,88
-4882,-5
-4920,71
-4978,164
-4910,-8
-4951,77
-4951,77
-4951,77
-4951,77
-4951,77
-4951,77
-4951,77
-4951,77
-4951,77
-4951,77
-4951,77
-5228,-161
-5098,-180
-5016,-183
-5066,13
-5056,62
-5082,109
-5138,181
-5168,226
-5168,150
-5169,-11
-5092,-120
-4960,-171
-4972,-186
-5008,-94
-5027,-22
-5056,-2
-5044,6
-4944,-117
-4848,-202
-4775,-199
-4887,-60
-5044,91
-5186,326
-5180,452
-5071,412
-4888,274
-4709,94
-4596,8
-5103,229
-5028,51
-5028,51
-5028,51
-5028,51
-5028,51
-5028,51
-5028,51
-5028,51
-5028,51
-5028,51
-5028,51
-4792,70
-4796,20
-4913,84
-4730,79
-4698,216
-4812,396
-4851,469
-4893,517
-4942,462
-5008,388
-5053,265
-5012,184
-5078,88
-5168,101
-5206,64
-5184,4
-5183,-72
-5082,-93
-4956,-103
-4855,-44
-4862,-19
-4910,40
-4997,15
-5028,72
-5091,70
-5096,24
-5081,29
-5044,54
-5292,330
-5356,120
-5356,120
-5356,120
-5356,120
-5356,120
-5356,120
-5356,120
-5356,120
-5356,120
-5356,120
-4757,120
-4848,350
-4940,346
-5016,371
-5004,2
-5007,128
-5080,306
-5066,424
-5031,518
-4992,457
-4921,416
-4954,404
-5070,364
-5085,257
-5098,177
-5078,70
-5011,-58
-4878,-191
-4722,-296
-4628,-331
-4660,-248
-4700,-161
-4832,10
-5012,116
-5076,278
-5128,338
-5104,345
-5111,352
-5046,274
-5072,32
-5142,-102
-5142,-102
-5142,-102
-5142,-102
-5142,-102
-5142,-102
-5142,-102
-5142,-102
-5142,-102
-5142,-102
-5040,-102
-5132,-258
-5170,-181
-5139,-147
-5215,-302
-4964,-105
-4972,-36
-4995,94
-4952,193
-5005,278
-5152,342
-5220,382
-5198,377
-5245,296
-5176,227
-5061,174
-5040,23
-4860,241
-4810,236
-4740,284
-4663,355
-4650,328
-4650,304
-4628,274
-4654,363
-4842,334
-4994,342
-5082,334
-5085,225
-4888,280
-5006,425
-5006,425
-5006,425
-5006,425
-5006,425
-5006,425
-5006,425
-5006,425
-5006,425
-5006,425
-5006,425
-5006,425
-5006,425
-4888,-367
-4876,-288
-4887,-144
-4700,-190
-4692,-130
-4764,8
-4872,117
-5026,313
-5110,369
-5116,388
-5000,320
-4852,217
-4744,61
-4726,40
-4802,80
-4870,148
-4989,183
-5048,210
-5097,188
-5027,128
-4984,15
-4993,-34
-4998,-22
-5100,93
-5147,142
-5138,186
-5030,185
-4890,175
-5218,185
-5214,64
-5214,64
-5214,64
-5214,64
-5214,64
-5214,64
-5214,64
-5214,64
-5214,64
-5214,64
-5214,64
-4726,-23
-4780,-20
-4932,90
-5143,-191
-5100,-168
-5120,-138
-5076,-54
-5032,84
-5013,123
-4905,156
-4820,134
-4814,169
-4848,137
-4968,122
-5081,154
-5147,208
-5164,134
-5176,70
-5068,-24
-4924,-58
-4898,-85
-4936,-69
-5013,-12
-5128,72
-5198,167
-5142,244
-5043,297
-4947,350
-4976,259
-4958,196
-4958,196
-4958,196
-4958,196
-4958,196
-4958,196
-4958,196
-4958,196
-4958,196
-4958,196
-4958,196
-5216,72
-5179,-50
-5139,-106
-5118,33
-5112,72
-5058,97
-4968,180
-4846,194
-4868,196
-4816,200
-4846,233
-4944,268
-5066,252
-5108,200
-5100,116
-5060,27
-5104,-68
-5100,-132
-5100,-166
-5094,-152
-5145,-122
-5162,-82
-5114,-24
-4965,36
-4896,35
-4841,69
-4862,173
-4908,249
-5402,-30
-5450,-107
-5450,-107
-5450,-107
-5450,-107
-5450,-107
-5450,-107
-5450,-107
-5450,-107
-5450,-107
-5450,-107
-5450,-107
-5428,-343
-5486,-364
-5580,-344
-5318,-369
-5283,-437
-5307,-504
-5348,-490
-5367,-450
-5363,-469
-5364,-428
-5327,-376
-5238,-248
-5252,-185
-5260,-79
-5240,-56
-5240,9
-5280,-87
-5259,-179
-5264,-232
-5286,-198
-5320,-224
-5334,-262
-5356,-306
-5358,-238
-5427,-179
-5456,-169
-5484,-142
-5408,-112
-5438,-84
-5445,-74
-5445,-74
-5445,-74
-5445,-74
-5445,-74
-5445,-74
-5445,-74
-5445,-74
-5445,-74
-5445,-74
-5445,-74
-5360,-346
-5272,-423
-5172,-435
-5480,-314
-5460,-384
-5455,-458
-5394,-461
-5264,-403
-5314,-406
-5256,-266
-5258,-144
-5366,27
-5425,147
-5626,-32
-5584,-69
-5391,-7
-5388,-216
-5240,-252
-5224,-329
-5242,-348
-5304,-382
-5280,-336
-5354,-295
-5343,-168
-5287,-134
-5328,-172
-5388,-219
-5314,4
-5251,-215
-5243,-112
-5243,-112
-5243,-112
-5243,-112
-5243,-112
-5243,-112
-5243,-112
-5243,-112
-5243,-112
-5243,-112
-5243,-112
-5243,-112
-5243,-112
-5526,-128
-5476,-219
-5452,-306
-5326,-472
-5354,-571
-5364,-550
-5288,-547
-5258,-442
-5299,-368
-5349,-298
-5351,-239
-5374,-184
-5488,-174
-5528,-148
-5519,-106
-5468,-51
-5447,0
-5418,-74
-5388,-164
-5378,-192
-5317,-339
-5384,-373
-5396,-348
-5355,-294
-5359,-248
-5290,-132
-5258,-70
-5224,60
-5299,-385
-5393,-329
-5393,-329
-5393,-329
-5393,-329
-5393,-329
-5393,-329
-5393,-329
-5393,-329
-5393,-329
-5393,-329
-5393,-329
-5484,-8
-5451,-103
-5394,-116
-5224,-346
-5262,-413
-5344,-370
-5410,-363
-5406,-278
-5412,-193
-5324,-131
-5267,-37
-5220,26
-5184,53
-5156,98
-5197,180
-5248,198
-5339,197
-5376,224
-5400,288
-5408,193
-5368,64
-5332,-133
-5315,-278
-5254,-407
-5256,-508
-5243,-534
-5239,-542
-5177,-535
-5160,-396
-5068,-336
-5068,-336
-5068,-336
-5068,-336
-5068,-336
-5068,-336
-5068,-336
-5068,-336
-5068,-336
-5068,-336
-5068,-336
-5068,-336
-5068,-336
-5267,-211
-5261,-259
-5224,-288
-5280,38
-5341,47
-5364,5
-5312,8
-5282,20
-5225,-96
-5167,-230
-5211,-280
-5292,-192
-5304,-124
-5298,-12
-5240,36
-5226,84
-5279,54
-5312,0
-5262,-98
-5264,-274
-5308,-360
-5372,-397
-5383,-408
-5312,-435
-5271,-442
-5238,-492
-5242,-496
-5209,-418
-4967,162
-4940,182
-4940,182
-4940,182
-4940,182
-4940,182
-4940,182
-4940,182
-4940,182
-4940,182
-4940,182
-4940,182
-5621,-573
-5608,-478
-5562,-364
-5411,-352
-5398,-58
-5524,-161
-5614,-278
-5672,-389
-5650,-487
-5578,-622
-5590,-712
-5595,-716
-5564,-686
-5628,-709
-5534,-656
-5464,-608
-5312,-518
-5200,-452
-5106,-347
-5092,-282
-5094,-196
-5151,-152
-5176,-98
-5168,-63
-5160,32
-5238,76
-5256,116
-5316,178
-5048,58
-5028,90
-5066,88
-5066,88
-5066,88
-5066,88
-5066,88
-5066,88
-5066,88
-5066,88
-5066,88
-5066,88
-5396,-312
-5407,-230
-5424,-190
-5432,-414
-5419,-401
-5506,-362
-5580,-341
-5562,-310
-5631,-319
-5622,-372
-5556,-426
-5524,-396
-5500,-430
-5493,-404
-5462,-421
-5406,-326
-5364,-266
-5227,-272
-5138,-236
-5003,-138
-5003,-130
-5000,-71
-4992,72
-5006,166
-5062,141
-5089,126
-5084,132
-5101,96
-5304,-32
-5264,-86
-5264,-86
-5264,-86
-5264,-86
-5264,-86
-5264,-86
-5264,-86
-5264,-86
-5264,-86
-5264,-86
-5264,-86
-5216,-352
-5269,-240
-5318,-168
-5239,-350
-5259,-406
-5325,-364
-5396,-352
-5328,-202
-5470,-296
-5495,-299
-5468,-349
-5378,-288
-5392,-374
-5328,-336
-5304,-249
-5088,-16
-5215,-55
-5189,83
-5144,120
-5069,173
-5120,82
-5159,45
-5191,-120
-5302,-260
-5332,-238
-5383,-341
-5400,-407
-5490,-460
-4991,-305
-5004,-310
-5004,-310
-5004,-310
-5004,-310
-5004,-310
-5004